time,hip_qfrc_act,hip_qfrc_con,knee_qfrc_act,knee_qfrc_con,ankle_qfrc_act,ankle_qfrc_con,hip_net,knee_net,ankle_net
0.0005,60.0,0.0,96.0,0.0,16.0,0.0,60.0,96.0,16.0
0.001,58.11258688669233,0.0,88.34056817282979,0.0,10.359831365191432,0.0,58.11258688669233,88.34056817282979,10.359831365191432
0.0015,55.755372465558054,0.0,81.4986534708587,0.0,7.193507548416065,0.0,55.755372465558054,81.4986534708587,7.193507548416065
0.002,53.12191493630374,0.0,75.38862417586904,0.0,5.358136386947507,0.0,53.12191493630374,75.38862417586904,5.358136386947507
0.0025,50.33668395119466,0.0,69.92505133432849,0.0,4.241688922694941,0.0,50.33668395119466,69.92505133432849,4.241688922694941
0.003,47.48248869677465,0.0,65.02880764476492,0.0,3.5164005636284017,0.0,47.48248869677465,65.02880764476492,3.5164005636284017
0.0035,44.6160450634236,0.0,60.62925691715611,0.0,3.006712621515817,0.0,44.6160450634236,60.62925691715611,3.006712621515817
0.004,41.77703141489448,0.0,56.66457139855635,0.0,2.6185415163781727,0.0,41.77703141489448,56.66457139855635,2.6185415163781727
0.0045000000000000005,38.99352813939788,0.0,53.08120163592571,0.0,2.301397469444936,0.0,38.99352813939788,53.08120163592571,2.301397469444936
0.005000000000000001,36.285414550933865,0.0,49.83301330816454,0.0,2.028101113827873,0.0,36.285414550933865,49.83301330816454,2.028101113827873
0.005500000000000001,33.66658448104431,0.0,46.88034388656433,0.0,1.7839272629135436,0.0,33.66658448104431,46.88034388656433,1.7839272629135436
0.006000000000000002,31.14645717010893,0.0,44.18909734371937,0.0,1.5607979594826986,0.0,31.14645717010893,44.18909734371937,1.5607979594826986
0.006500000000000002,28.73105137524601,0.0,41.72992635453511,0.0,1.3541791749891843,0.0,28.73105137524601,41.72992635453511,1.3541791749891843
0.007000000000000003,26.423776662205512,0.0,39.47751704400628,0.0,1.1614245300183583,0.0,26.423776662205512,39.47751704400628,1.1614245300183583
0.007500000000000003,24.2260330093566,0.0,37.40997487167289,0.0,0.980892958634854,0.0,24.2260330093566,37.40997487167289,0.980892958634854
0.008000000000000004,22.13767469180442,0.0,35.508303032926676,0.0,0.8114799159335035,0.0,22.13767469180442,35.508303032926676,0.8114799159335035
0.008500000000000004,20.1573743334732,0.0,33.755962232836396,0.0,0.6523692404644237,0.0,20.1573743334732,33.755962232836396,0.6523692404644237
0.009000000000000005,18.282911224824687,0.0,32.13850044915114,0.0,0.502902505567711,0.0,18.282911224824687,32.13850044915114,0.502902505567711
0.009500000000000005,16.511400831865785,0.0,30.64324209925178,0.0,0.3625107349353982,0.0,16.511400831865785,30.64324209925178,0.3625107349353982
0.010000000000000005,14.839477871826716,0.0,29.259027222869463,0.0,0.230679069349236,0.0,14.839477871826716,29.259027222869463,0.230679069349236
0.010500000000000006,13.26344230804034,0.0,27.97599257223129,0.0,0.10692872338261594,0.0,13.26344230804034,27.97599257223129,0.10692872338261594
0.011000000000000006,11.779375514021325,0.0,26.78538771628149,0.0,-0.009192080911212486,0.0,11.779375514021325,26.78538771628149,-0.009192080911212486
0.011500000000000007,10.383232331821034,0.0,25.67942035497265,0.0,-0.11811259518832884,0.0,10.383232331821034,25.67942035497265,-0.11811259518832884
0.012000000000000007,9.070913604245874,0.0,24.651125986102045,0.0,-0.2202417446051257,0.0,9.070913604245874,24.651125986102045,-0.2202417446051257
0.012500000000000008,7.838322876173208,0.0,23.694257874455957,0.0,-0.3159692412593813,0.0,7.838322876173208,23.694257874455957,-0.3159692412593813
0.013000000000000008,6.6814102635251515,0.0,22.803193953780465,0.0,-0.40566622034307187,0.0,6.6814102635251515,22.803193953780465,-0.40566622034307187
0.013500000000000009,5.596205931755435,0.0,21.972857862084993,0.0,-0.48968570047956206,0.0,5.596205931755435,21.972857862084993,-0.48968570047956206
0.014000000000000009,4.5788451765043305,0.0,21.198651785846437,0.0,-0.5683630099834289,0.0,4.5788451765043305,21.198651785846437,-0.5683630099834289
0.01450000000000001,3.625586734255762,0.0,20.47639918349239,0.0,-0.6420162392361846,0.0,3.625586734255762,20.47639918349239,-0.6420162392361846
0.01500000000000001,2.7328256532973683,0.0,19.802295786052014,0.0,-0.7109467389070119,0.0,2.7328256532973683,19.802295786052014,-0.7109467389070119
0.01550000000000001,1.897101811963779,0.0,19.172867544255894,0.0,-0.7754396646482462,0.0,1.897101811963779,19.172867544255894,-0.7754396646482462
0.01600000000000001,1.1151049718434365,0.0,18.58493441611472,0.0,-0.8357645607326134,0.0,1.1151049718434365,18.58493441611472,-0.8357645607326134
0.01650000000000001,0.3836770902151727,0.0,18.035579075074793,0.0,-0.8921759723879106,0.0,0.3836770902151727,18.035579075074793,-0.8921759723879106
0.01700000000000001,-0.3001875180624438,0.0,17.522119772904546,0.0,-0.9449140764689545,0.0,-0.3001875180624438,17.522119772904546,-0.9449140764689545
0.017500000000000012,-0.9393436889665168,0.0,17.042086719029214,0.0,-0.9942053211196722,0.0,-0.9393436889665168,17.042086719029214,-0.9942053211196722
0.018000000000000013,-1.5364981980078198,0.0,16.593201443695477,0.0,-1.040263066487249,0.0,-1.5364981980078198,16.593201443695477,-1.040263066487249
0.018500000000000013,-2.0942135131918462,0.0,16.173358699922687,0.0,-1.0832882200013074,0.0,-2.0942135131918462,16.173358699922687,-1.0832882200013074
0.019000000000000013,-2.614912256889852,0.0,15.780610531807895,0.0,-1.1234698610696654,0.0,-2.614912256889852,15.780610531807895,-1.1234698610696654
0.019500000000000014,-3.1008821709774566,0.0,15.413152197009481,0.0,-1.1609858512089346,0.0,-3.1008821709774566,15.413152197009481,-1.1609858512089346
0.020000000000000014,-3.5542814203047897,0.0,15.069309681272728,0.0,-1.1960034266149933,0.0,-3.5542814203047897,15.069309681272728,-1.1960034266149933
0.020500000000000015,-3.9771441028584604,0.0,14.747528584452198,0.0,-1.2286797709949866,0.0,-3.9771441028584604,14.747528584452198,-1.2286797709949866
0.021000000000000015,-4.371385862195126,0.0,14.446364192093085,0.0,-1.2591625671504474,0.0,-4.371385862195126,14.446364192093085,-1.2591625671504474
0.021500000000000016,-4.7388095199362965,0.0,14.164472575457125,0.0,-1.2875905263411767,0.0,-4.7388095199362965,14.164472575457125,-1.2875905263411767
0.022000000000000016,-5.08111066421975,0.0,13.900602586916875,0.0,-1.314093894892288,0.0,-5.08111066421975,13.900602586916875,-1.314093894892288
0.022500000000000017,-5.39988314473112,0.0,13.653588637716837,0.0,-1.3387949378509063,0.0,-5.39988314473112,13.653588637716837,-1.3387949378509063
0.023000000000000017,-5.696624436895377,0.0,13.422344161883757,0.0,-1.361808399770176,0.0,-5.696624436895377,13.422344161883757,-1.361808399770176
0.023500000000000017,-5.972740847487273,0.0,13.20585568413071,0.0,-1.3832419429090663,0.0,-5.972740847487273,13.20585568413071,-1.3832419429090663
0.024000000000000018,-6.2295525417360125,0.0,13.003177421392365,0.0,-1.4031965632990975,0.0,-6.2295525417360125,13.003177421392365,-1.4031965632990975
0.02450000000000002,-6.468298378279854,0.0,12.813426357544301,0.0,-1.4217669852513382,0.0,-6.468298378279854,12.813426357544301,-1.4217669852513382
0.02500000000000002,-6.690140543357984,0.0,12.635777739207697,0.0,-1.439042034967585,0.0,-6.690140543357984,12.635777739207697,-1.439042034967585
0.02550000000000002,-6.896168979627646,0.0,12.469460947585276,0.0,-1.4551049939839587,0.0,-6.896168979627646,12.469460947585276,-1.4551049939839587
0.02600000000000002,-7.087405608160083,0.0,12.313755707235146,0.0,-1.4700339332185166,0.0,-7.087405608160083,12.313755707235146,-1.4700339332185166
0.02650000000000002,-7.26480834464607,0.0,12.167988597738372,0.0,-1.4839020284206796,0.0,-7.26480834464607,12.167988597738372,-1.4839020284206796
0.02700000000000002,-7.429274912762338,0.0,12.031529838511005,0.0,-1.496777857833834,0.0,-7.429274912762338,12.031529838511005,-1.496777857833834
0.02750000000000002,-7.581646459116655,0.0,11.903790320670339,0.0,-1.5087256828845241,0.0,-7.581646459116655,11.903790320670339,-1.5087256828845241
0.02800000000000002,-7.72271097528494,0.0,11.784218862989405,0.0,-1.5198057127055336,0.0,-7.72271097528494,11.784218862989405,-1.5198057127055336
0.028500000000000022,-7.853206533253967,0.0,11.672299671655765,0.0,-1.530074353288228,0.0,-7.853206533253967,11.672299671655765,-1.530074353288228
0.029000000000000022,-7.973824341139817,0.0,11.567549985851713,0.0,-1.5395844420411606,0.0,-7.973824341139817,11.567549985851713,-1.5395844420411606
0.029500000000000023,-8.085211626418157,0.0,11.469517893159775,0.0,-1.548385468511377,0.0,-8.085211626418157,11.469517893159775,-1.548385468511377
0.030000000000000023,-8.187974354111475,0.0,11.377780300515838,0.0,-1.5565237820002409,0.0,-8.187974354111475,11.377780300515838,-1.5565237820002409
0.030500000000000024,-8.282679787466975,0.0,11.29194104792299,0.0,-1.5640427867797655,0.0,-8.282679787466975,11.29194104792299,-1.5640427867797655
0.031000000000000024,-8.369858898648914,0.0,11.211629153438821,0.0,-1.5709831255881497,0.0,-8.369858898648914,11.211629153438821,-1.5709831255881497
0.03150000000000002,-8.450008636886196,0.0,11.136497179082937,0.0,-1.5773828520547681,0.0,-8.450008636886196,11.136497179082937,-1.5773828520547681
0.03200000000000002,-8.523594061371966,0.0,11.066219708307756,0.0,-1.5832775926768647,0.0,-8.523594061371966,11.066219708307756,-1.5832775926768647
0.03250000000000002,-8.591050346027828,0.0,11.000491926551604,0.0,-1.588700698941281,0.0,-8.591050346027828,11.000491926551604,-1.588700698941281
0.03300000000000002,-8.652784663025102,0.0,10.93902829716626,0.0,-1.5936833901567269,0.0,-8.652784663025102,10.93902829716626,-1.5936833901567269
0.03350000000000002,-8.709177951715134,0.0,10.881561325696396,0.0,-1.5982548875339262,0.0,-8.709177951715134,10.881561325696396,-1.5982548875339262
0.03400000000000002,-8.760586579363434,0.0,10.82784040609971,0.0,-1.6024425400245121,0.0,-8.760586579363434,10.82784040609971,-1.6024425400245121
0.034500000000000024,-8.807343899814072,0.0,10.777630743036525,0.0,-1.6062719424025147,0.0,-8.807343899814072,10.777630743036525,-1.6062719424025147
0.035000000000000024,-8.849761715941383,0.0,10.730712344849337,0.0,-1.609767046047267,0.0,-8.849761715941383,10.730712344849337,-1.609767046047267
0.035500000000000025,-8.888131651471184,0.0,10.686879082283497,0.0,-1.612950262861915,0.0,-8.888131651471184,10.686879082283497,-1.612950262861915
0.036000000000000025,-8.922726437484584,0.0,10.645937808399935,0.0,-1.61584256273769,0.0,-8.922726437484584,10.645937808399935,-1.61584256273769
0.036500000000000025,-8.953801118649494,0.0,10.60770753548087,0.0,-1.6184635649522576,0.0,-8.953801118649494,10.60770753548087,-1.6184635649522576
0.037000000000000026,-8.981594183965228,0.0,10.572018665053918,0.0,-1.6208316238677085,0.0,-8.981594183965228,10.572018665053918,-1.6208316238677085
0.037500000000000026,-9.006328626552431,0.0,10.538712267451729,0.0,-1.6229639092741692,0.0,-9.006328626552431,10.538712267451729,-1.6229639092741692
0.03800000000000003,-9.028212936774679,0.0,10.507639407589068,0.0,-1.6248764817044759,0.0,-9.028212936774679,10.507639407589068,-1.6248764817044759
0.03850000000000003,-9.047442032743845,0.0,10.47866051388354,0.0,-1.6265843630269785,0.0,-9.047442032743845,10.47866051388354,-1.6265843630269785
0.03900000000000003,-9.06419813203297,0.0,10.451644787466307,0.0,-1.628101602605824,0.0,-9.06419813203297,10.451644787466307,-1.628101602605824
0.03950000000000003,-9.078651568204776,0.0,10.426469649033038,0.0,-1.6294413393007616,0.0,-9.078651568204776,10.426469649033038,-1.6294413393007616
0.04000000000000003,-9.09096155555659,0.0,10.403020220872747,0.0,-1.630615859563008,0.0,-9.09096155555659,10.403020220872747,-1.630615859563008
0.04050000000000003,-9.101276905285204,0.0,10.38118884178158,0.0,-1.6316366518680567,0.0,-9.101276905285204,10.38118884178158,-1.6316366518680567
0.04100000000000003,-9.109736696087197,0.0,10.360874612729901,0.0,-1.6325144577123538,0.0,-9.109736696087197,10.360874612729901,-1.6325144577123538
0.04150000000000003,-9.116470902032717,0.0,10.341982971292623,0.0,-1.6332593193870224,0.0,-9.116470902032717,10.341982971292623,-1.6332593193870224
0.04200000000000003,-9.121600980381146,0.0,10.324425292992032,0.0,-1.6338806247289313,0.0,-9.121600980381146,10.324425292992032,-1.6338806247289313
0.04250000000000003,-9.125240421848048,0.0,10.308118517823573,0.0,-1.6343871490375221,0.0,-9.125240421848048,10.308118517823573,-1.6343871490375221
0.04300000000000003,-9.127495265680238,0.0,10.292984800351519,0.0,-1.6347870943342997,0.0,-9.127495265680238,10.292984800351519,-1.6347870943342997
0.04350000000000003,-9.12846458175386,0.0,10.278951181869559,0.0,-1.6350881261309453,0.0,-9.12846458175386,10.278951181869559,-1.6350881261309453
0.04400000000000003,-9.128240921775216,0.0,10.265949283219584,0.0,-1.635297407862403,0.0,-9.128240921775216,10.265949283219584,-1.635297407862403
0.04450000000000003,-9.126910741536449,0.0,10.253915016953613,0.0,-1.6354216331309601,0.0,-9.126910741536449,10.253915016953613,-1.6354216331309601
0.04500000000000003,-9.124554796057907,0.0,10.242788317611598,0.0,-1.6354670558992837,0.0,-9.124554796057907,10.242788317611598,-1.6354670558992837
0.045500000000000033,-9.121248509337164,0.0,10.232512888966312,0.0,-1.6354395187609327,0.0,-9.121248509337164,10.232512888966312,-1.6354395187609327
0.046000000000000034,-9.117062320316649,0.0,10.223035967161252,0.0,-1.6353444794098877,0.0,-9.117062320316649,10.223035967161252,-1.6353444794098877
0.046500000000000034,-9.112062006582505,0.0,10.21430809873641,0.0,-1.6351870354222058,0.0,-9.112062006582505,10.21430809873641,-1.6351870354222058
0.047000000000000035,-9.106308987213112,0.0,10.206282932602278,0.0,-1.6349719474567337,0.0,-9.106308987213112,10.206282932602278,-1.6349719474567337
0.047500000000000035,-9.099860606106745,0.0,10.198917025082324,0.0,-1.634703660974516,0.0,-9.099860606106745,10.198917025082324,-1.634703660974516
0.048000000000000036,-9.0927703970342,0.0,10.19216965719977,0.0,-1.63438632657072,0.0,-9.0927703970342,10.19216965719977,-1.63438632657072
0.048500000000000036,-9.085088331585439,0.0,10.186002663438103,0.0,-1.6340238190069343,0.0,-9.085088331585439,10.186002663438103,-1.6340238190069343
0.04900000000000004,-9.076861051103663,0.0,10.180380271253057,0.0,-1.633619755026153,0.0,-9.076861051103663,10.180380271253057,-1.633619755026153
0.04950000000000004,-9.06813208363323,0.0,10.175268950660552,0.0,-1.6331775100277355,0.0,-9.06813208363323,10.175268950660552,-1.6331775100277355
0.05000000000000004,-9.058942046841423,0.0,10.170637273266493,0.0,-1.6327002336746688,0.0,-9.058942046841423,10.170637273266493,-1.6327002336746688
0.05050000000000004,-9.049328837814642,0.0,10.166455780145895,0.0,-1.6321908645010126,0.0,-9.049328837814642,10.166455780145895,-1.6321908645010126
0.05100000000000004,-9.039327810571649,0.0,10.162696858015465,0.0,-1.6316521435830467,0.0,-9.039327810571649,10.162696858015465,-1.6316521435830467
0.05150000000000004,-9.028971942083388,0.0,10.159334623179348,0.0,-1.6310866273338291,0.0,-9.028971942083388,10.159334623179348,-1.6310866273338291
0.05200000000000004,-9.018291987537879,0.0,10.156344812759812,0.0,-1.630496699476737,0.0,-9.018291987537879,10.156344812759812,-1.630496699476737
0.05250000000000004,-9.007316625543979,0.0,10.15370468275637,0.0,-1.629884582250689,0.0,-9.007316625543979,10.15370468275637,-1.629884582250689
0.05300000000000004,-8.996072593920132,0.0,10.151392912504548,0.0,-1.6292523468955835,0.0,-8.996072593920132,10.151392912504548,-1.6292523468955835
0.05350000000000004,-8.984584816676346,0.0,10.149389515133805,0.0,-1.6286019234643376,0.0,-8.984584816676346,10.149389515133805,-1.6286019234643376
0.05400000000000004,-8.972876522756422,0.0,10.147675753646922,0.0,-1.6279351100040955,0.0,-8.972876522756422,10.147675753646922,-1.6279351100040955
0.05450000000000004,-8.960969357072543,0.0,10.146234062270707,0.0,-1.627253581147265,0.0,-8.960969357072543,10.146234062270707,-1.627253581147265
0.05500000000000004,-8.948883484329372,0.0,10.14504797274543,0.0,-1.6265588961497812,0.0,-8.948883484329372,10.14504797274543,-1.6265588961497812
0.05550000000000004,-8.93663768610429,0.0,10.144102045244438,0.0,-1.6258525064122011,0.0,-8.93663768610429,10.144102045244438,-1.6258525064122011
0.05600000000000004,-8.92424945161821,0.0,10.143381803633929,0.0,-1.625135762516578,0.0,-8.92424945161821,10.143381803633929,-1.625135762516578
0.05650000000000004,-8.911735062606226,0.0,10.142873674799546,0.0,-1.6244099208100664,0.0,-8.911735062606226,10.142873674799546,-1.6244099208100664
0.057000000000000044,-8.89910967266897,0.0,10.142564931786751,0.0,-1.6236761495644956,0.0,-8.89910967266897,10.142564931786751,-1.6236761495644956
0.057500000000000044,-8.886387381462214,0.0,10.14244364051433,0.0,-1.6229355347387866,0.0,-8.886387381462214,10.14244364051433,-1.6229355347387866
0.058000000000000045,-8.873581304058405,0.0,10.142498609837617,0.0,-1.6221890853698824,0.0,-8.873581304058405,10.142498609837617,-1.6221890853698824
0.058500000000000045,-8.86070363579364,0.0,10.142719344751072,0.0,-1.6214377386159171,0.0,-8.86070363579364,10.142719344751072,-1.6214377386159171
0.059000000000000045,-8.84776571289163,0.0,10.143096002534264,0.0,-1.6206823644740496,0.0,-8.84776571289163,10.143096002534264,-1.6206823644740496
0.059500000000000046,-8.83477806913902,0.0,10.143619351655673,0.0,-1.6199237701935019,0.0,-8.83477806913902,10.143619351655673,-1.6199237701935019
0.060000000000000046,-8.821750488868076,0.0,10.14428073326144,0.0,-1.6191627044038341,0.0,-8.821750488868076,10.14428073326144,-1.6191627044038341
0.06050000000000005,-8.808692056485654,0.0,10.14507202508787,0.0,-1.6183998609764103,0.0,-8.808692056485654,10.14507202508787,-1.6183998609764103
0.06100000000000005,-8.79561120277316,0.0,10.145985607644207,0.0,-1.6176358826363284,0.0,-8.79561120277316,10.145985607644207,-1.6176358826363284
0.06150000000000005,-8.782515748166702,0.0,10.147014332524463,0.0,-1.6168713643406676,0.0,-8.782515748166702,10.147014332524463,-1.6168713643406676
0.06200000000000005,-8.769412943213752,0.0,10.148151492714192,0.0,-1.6161068564384777,0.0,-8.769412943213752,10.148151492714192,-1.6161068564384777
0.06250000000000004,-8.756309506389044,0.0,10.149390794766418,0.0,-1.6153428676260546,0.0,-8.756309506389044,10.149390794766418,-1.6153428676260546
0.06300000000000004,-8.743211659442437,0.0,10.150726332730812,0.0,-1.614579867710944,0.0,-8.743211659442437,10.150726332730812,-1.614579867710944
0.06350000000000004,-8.730125160437609,0.0,10.152152563724485,0.0,-1.613818290197031,0.0,-8.730125160437609,10.152152563724485,-1.613818290197031
0.06400000000000004,-8.717055334632846,0.0,10.15366428504251,0.0,-1.6130585347019775,0.0,-8.717055334632846,10.15366428504251,-1.6130585347019775
0.06450000000000004,-8.704007103343542,0.0,10.155256612710332,0.0,-1.6123009692180688,0.0,-8.704007103343542,10.155256612710332,-1.6123009692180688
0.06500000000000004,-8.690985010917927,0.0,10.156924961388995,0.0,-1.6115459322263632,0.0,-8.690985010917927,10.156924961388995,-1.6115459322263632
0.06550000000000004,-8.677993249948656,0.0,10.158665025546384,0.0,-1.6107937346736634,0.0,-8.677993249948656,10.158665025546384,-1.6107937346736634
0.06600000000000004,-8.665035684834947,0.0,10.160472761816095,0.0,-1.610044661821206,0.0,-8.665035684834947,10.160472761816095,-1.610044661821206
0.06650000000000005,-8.652115873802927,0.0,10.162344372469988,0.0,-1.6092989749731146,0.0,-8.652115873802927,10.162344372469988,-1.6092989749731146
0.06700000000000005,-8.639237089483686,0.0,10.164276289931536,0.0,-1.6085569130927624,0.0,-8.639237089483686,10.164276289931536,-1.6085569130927624
0.06750000000000005,-8.62640233814426,0.0,10.166265162268246,0.0,-1.6078186943138348,0.0,-8.62640233814426,10.166265162268246,-1.6078186943138348
0.06800000000000005,-8.613614377657797,0.0,10.168307839598356,0.0,-1.6070845173531296,0.0,-8.613614377657797,10.168307839598356,-1.6070845173531296
0.06850000000000005,-8.600875734296096,0.0,10.170401361356994,0.0,-1.606354562831406,0.0,-8.600875734296096,10.170401361356994,-1.606354562831406
0.06900000000000005,-8.588188718420696,0.0,10.172542944365091,0.0,-1.605628994508237,0.0,-8.588188718420696,10.172542944365091,-1.605628994508237
0.06950000000000005,-8.575555439144551,0.0,10.174729971652766,0.0,-1.604907960436222,0.0,-8.575555439144551,10.174729971652766,-1.604907960436222
0.07000000000000005,-8.562977818030959,0.0,10.176959981988318,0.0,-1.6041915940401168,0.0,-8.562977818030959,10.176959981988318,-1.6041915940401168
0.07050000000000005,-8.550457601892873,0.0,10.179230660069152,0.0,-1.6034800151252853,0.0,-8.550457601892873,10.179230660069152,-1.6034800151252853
0.07100000000000005,-8.537996374751287,0.0,10.181539827332301,0.0,-1.6027733308204972,0.0,-8.537996374751287,10.181539827332301,-1.6027733308204972
0.07150000000000005,-8.525595569006953,0.0,10.18388543334595,0.0,-1.602071636458959,0.0,-8.525595569006953,10.18388543334595,-1.602071636458959
0.07200000000000005,-8.513256475877682,0.0,10.186265547745904,0.0,-1.6013750164017537,0.0,-8.513256475877682,10.186265547745904,-1.6013750164017537
0.07250000000000005,-8.500980255147851,0.0,10.188678352680768,0.0,-1.6006835448073318,0.0,-8.500980255147851,10.188678352680768,-1.6006835448073318
0.07300000000000005,-8.488767944276475,0.0,10.191122135736236,0.0,-1.5999972863505363,0.0,-8.488767944276475,10.191122135736236,-1.5999972863505363
0.07350000000000005,-8.47662046690428,0.0,10.193595283306593,0.0,-1.5993162968945782,0.0,-8.47662046690428,10.193595283306593,-1.5993162968945782
0.07400000000000005,-8.464538640799958,0.0,10.196096274385525,0.0,-1.5986406241187652,0.0,-8.464538640799958,10.196096274385525,-1.5986406241187652
0.07450000000000005,-8.452523185282018,0.0,10.198623674750365,0.0,-1.597970308104962,0.0,-8.452523185282018,10.198623674750365,-1.597970308104962
0.07500000000000005,-8.440574728149954,0.0,10.201176131514615,0.0,-1.597305381885576,0.0,-8.440574728149954,10.201176131514615,-1.597305381885576
0.07550000000000005,-8.428693812157434,0.0,10.203752368024823,0.0,-1.5966458719552534,0.0,-8.428693812157434,10.203752368024823,-1.5966458719552534
0.07600000000000005,-8.416880901057311,0.0,10.20635117908165,0.0,-1.5959917987490329,0.0,-8.416880901057311,10.20635117908165,-1.5959917987490329
0.07650000000000005,-8.405136385245754,0.0,10.208971426463393,0.0,-1.5953431770886937,0.0,-8.405136385245754,10.208971426463393,-1.5953431770886937
0.07700000000000005,-8.393460587032706,0.0,10.211612034732639,0.0,-1.5947000165997878,0.0,-8.393460587032706,10.211612034732639,-1.5947000165997878
0.07750000000000005,-8.381853765562425,0.0,10.21427198730953,0.0,-1.5940623221009105,0.0,-8.381853765562425,10.21427198730953,-1.5940623221009105
0.07800000000000006,-8.37031612140703,0.0,10.216950322794105,0.0,-1.5934300939671644,0.0,-8.37031612140703,10.216950322794105,-1.5934300939671644
0.07850000000000006,-8.358847800854733,0.0,10.219646131520904,0.0,-1.5928033284695573,0.0,-8.358847800854733,10.219646131520904,-1.5928033284695573
0.07900000000000006,-8.347448899912422,0.0,10.222358552333503,0.0,-1.5921820180916626,0.0,-8.347448899912422,10.222358552333503,-1.5921820180916626
0.07950000000000006,-8.336119468041602,0.0,10.225086769562154,0.0,-1.5915661518253827,0.0,-8.336119468041602,10.225086769562154,-1.5915661518253827
0.08000000000000006,-8.324859511644547,0.0,10.227830010195191,0.0,-1.5909557154467038,0.0,-8.324859511644547,10.227830010195191,-1.5909557154467038
0.08050000000000006,-8.313668997318075,0.0,10.230587541228033,0.0,-1.5903506917732173,0.0,-8.313668997318075,10.230587541228033,-1.5903506917732173
0.08100000000000006,-8.3025478548887,0.0,10.233358667181903,0.0,-1.5897510609041916,0.0,-8.3025478548887,10.233358667181903,-1.5897510609041916
0.08150000000000006,-8.291495980245116,0.0,10.236142727779907,0.0,-1.589156800444627,0.0,-8.291495980245116,10.236142727779907,-1.589156800444627
0.08200000000000006,-8.28051323797962,0.0,10.238939095770093,0.0,-1.5885678857141698,0.0,-8.28051323797962,10.238939095770093,-1.5885678857141698
0.08250000000000006,-8.269599463852614,0.0,10.241747174887564,0.0,-1.5879842899418932,0.0,-8.269599463852614,10.241747174887564,-1.5879842899418932
0.08300000000000006,-8.258754467090597,0.0,10.2445663979463,0.0,-1.5874059844479262,0.0,-8.258754467090597,10.2445663979463,-1.5874059844479262
0.08350000000000006,-8.247978032528863,0.0,10.24739622505109,0.0,-1.5868329388127194,0.0,-8.247978032528863,10.24739622505109,-1.5868329388127194
0.08400000000000006,-8.237269922609528,0.0,10.250236141924802,0.0,-1.586265121034792,0.0,-8.237269922609528,10.250236141924802,-1.586265121034792
0.08450000000000006,-8.226629879243973,0.0,10.253085658340808,0.0,-1.5857024976777012,0.0,-8.226629879243973,10.253085658340808,-1.5857024976777012
0.08500000000000006,-8.216057625548615,0.0,10.25594430665592,0.0,-1.5851450340069206,0.0,-8.216057625548615,10.25594430665592,-1.5851450340069206
0.08550000000000006,-8.205552867462501,0.0,10.258811640436193,0.0,-1.584592694117326,0.0,-8.205552867462501,10.258811640436193,-1.584592694117326
0.08600000000000006,-8.195115295254197,0.0,10.261687233170392,0.0,-1.5840454410518419,0.0,-8.195115295254197,10.261687233170392,-1.5840454410518419
0.08650000000000006,-8.184744584925994,0.0,10.264570677065535,0.0,-1.5835032369119375,0.0,-8.184744584925994,10.264570677065535,-1.5835032369119375
0.08700000000000006,-8.174440399520847,0.0,10.267461581918951,0.0,-1.582966042960301,0.0,-8.174440399520847,10.267461581918951,-1.582966042960301
0.08750000000000006,-8.164202390340108,0.0,10.270359574062184,0.0,-1.5824338197164707,0.0,-8.164202390340108,10.270359574062184,-1.5824338197164707
0.08800000000000006,-8.15403019807647,0.0,10.273264295372371,0.0,-1.5819065270456747,0.0,-8.15403019807647,10.273264295372371,-1.5819065270456747
0.08850000000000006,-8.143923453868581,0.0,10.27617540234644,0.0,-1.5813841242413815,0.0,-8.143923453868581,10.27617540234644,-1.5813841242413815
0.08900000000000007,-8.13388178028228,0.0,10.279092565234293,0.0,-1.580866570102046,0.0,-8.13388178028228,10.279092565234293,-1.580866570102046
0.08950000000000007,-8.123904792223072,0.0,10.282015467227438,0.0,-1.5803538230023264,0.0,-8.123904792223072,10.282015467227438,-1.5803538230023264
0.09000000000000007,-8.113992097784774,0.0,10.284943803699264,0.0,-1.5798458409592229,0.0,-8.113992097784774,10.284943803699264,-1.5798458409592229
0.09050000000000007,-8.1041432990381,0.0,10.287877281493763,0.0,-1.5793425816934317,0.0,-8.1041432990381,10.287877281493763,-1.5793425816934317
0.09100000000000007,-8.094357992763776,0.0,10.2908156182595,0.0,-1.5788440026861608,0.0,-8.094357992763776,10.2908156182595,-1.5788440026861608
0.09150000000000007,-8.084635771133094,0.0,10.293758541826321,0.0,-1.578350061231916,0.0,-8.084635771133094,10.293758541826321,-1.578350061231916
0.09200000000000007,-8.074976222340013,0.0,10.29670578962157,0.0,-1.5778607144872439,0.0,-8.074976222340013,10.29670578962157,-1.5778607144872439
0.09250000000000007,-8.065378931187695,0.0,10.299657108123938,0.0,-1.5773759195159585,0.0,-8.065378931187695,10.299657108123938,-1.5773759195159585
0.09300000000000007,-8.055843479632841,0.0,10.302612252351423,0.0,-1.576895633330878,0.0,-8.055843479632841,10.302612252351423,-1.576895633330878
0.09350000000000007,-8.046369447289976,0.0,10.305570985382758,0.0,-1.5764198129324782,0.0,-8.046369447289976,10.305570985382758,-1.5764198129324782
0.09400000000000007,-8.03695641189907,0.0,10.308533077909203,0.0,-1.5759484153444845,0.0,-8.03695641189907,10.308533077909203,-1.5759484153444845
0.09450000000000007,-8.027603949758657,0.0,10.311498307814304,0.0,-1.5754813976468256,0.0,-8.027603949758657,10.311498307814304,-1.5754813976468256
0.09500000000000007,-8.018311636126498,0.0,10.3144664597815,0.0,-1.575018717005868,0.0,-8.018311636126498,10.3144664597815,-1.575018717005868
0.09550000000000007,-8.009079045590397,0.0,10.317437324925606,0.0,-1.574560330702397,0.0,-8.009079045590397,10.317437324925606,-1.574560330702397
0.09600000000000007,-7.999905752410967,0.0,10.320410700449031,0.0,-1.5741061961571887,0.0,-7.999905752410967,10.320410700449031,-1.5741061961571887
0.09650000000000007,-7.99079133083805,0.0,10.323386389318841,0.0,-1.573656270954686,0.0,-7.99079133083805,10.323386389318841,-1.573656270954686
0.09700000000000007,-7.981735355402947,0.0,10.326364199965099,0.0,-1.5732105128644562,0.0,-7.981735355402947,10.326364199965099,-1.5732105128644562
0.09750000000000007,-7.972737401187658,0.0,10.329343945998176,0.0,-1.5727688798611439,0.0,-7.972737401187658,10.329343945998176,-1.5727688798611439
0.09800000000000007,-7.96379704407309,0.0,10.332325445943923,0.0,-1.572331330142454,0.0,-7.96379704407309,10.332325445943923,-1.572331330142454
0.09850000000000007,-7.954913860967423,0.0,10.335308522996115,0.0,-1.5718978221456723,0.0,-7.954913860967423,10.335308522996115,-1.5718978221456723
0.09900000000000007,-7.9460874300158935,0.0,10.338293004784589,0.0,-1.5714683145627646,0.0,-7.9460874300158935,10.338293004784589,-1.5714683145627646
0.09950000000000007,-7.937317330793462,0.0,10.341278723157359,0.0,-1.571042766353962,0.0,-7.937317330793462,10.341278723157359,-1.571042766353962
0.10000000000000007,-7.928603144481485,0.0,10.344265513977803,0.0,-1.5706211367601668,0.0,-7.928603144481485,10.344265513977803,-1.5706211367601668
0.10050000000000008,-7.919944454029235,0.0,10.34725321693395,0.0,-1.5702033853141444,0.0,-7.919944454029235,10.34725321693395,-1.5702033853141444
0.10100000000000008,-7.911340844301861,0.0,10.350241675359939,0.0,-1.5697894718505836,0.0,-7.911340844301861,10.350241675359939,-1.5697894718505836
0.10150000000000008,-7.902791902215142,0.0,10.353230736069122,0.0,-1.5693793565151495,0.0,-7.902791902215142,10.353230736069122,-1.5693793565151495
0.10200000000000008,-7.894297216857922,0.0,10.356220249197406,0.0,-1.5689729997725976,0.0,-7.894297216857922,10.356220249197406,-1.5689729997725976
0.10250000000000008,-7.885856379603894,0.0,10.359210068056768,0.0,-1.5685703624138583,0.0,-7.885856379603894,10.359210068056768,-1.5685703624138583
0.10300000000000008,-7.877468984212385,0.0,10.362200048997465,0.0,-1.568171405562481,0.0,-7.877468984212385,10.362200048997465,-1.568171405562481
0.10350000000000008,-7.869134626919674,0.0,10.365190051280251,0.0,-1.5677760906801765,0.0,-7.869134626919674,10.365190051280251,-1.5677760906801765
0.10400000000000008,-7.860852906521103,0.0,10.36817993695496,0.0,-1.5673843795717275,0.0,-7.860852906521103,10.36817993695496,-1.5673843795717275
0.10450000000000008,-7.852623424444886,0.0,10.371169570747725,0.0,-1.566996234389073,0.0,-7.852623424444886,10.371169570747725,-1.566996234389073
0.10500000000000008,-7.844445784817935,0.0,10.374158819955255,0.0,-1.5666116176350187,0.0,-7.844445784817935,10.374158819955255,-1.5666116176350187
0.10550000000000008,-7.836319594524667,0.0,10.37714755434564,0.0,-1.5662304921661132,0.0,-7.836319594524667,10.37714755434564,-1.5662304921661132
0.10600000000000008,-7.828244463258585,0.0,10.38013564606473,0.0,-1.5658528211952074,0.0,-7.828244463258585,10.38013564606473,-1.5658528211952074
0.10650000000000008,-7.820220003568011,0.0,10.383122969549504,0.0,-1.565478568293365,0.0,-7.820220003568011,10.383122969549504,-1.565478568293365
0.10700000000000008,-7.812245830895762,0.0,10.386109401445765,0.0,-1.5651076973914115,0.0,-7.812245830895762,10.386109401445765,-1.5651076973914115
0.10750000000000008,-7.8043215636135415,0.0,10.389094820531682,0.0,-1.564740172781022,0.0,-7.8043215636135415,10.389094820531682,-1.564740172781022
0.10800000000000008,-7.796446823051042,0.0,10.392079107645259,0.0,-1.5643759591153739,0.0,-7.796446823051042,10.392079107645259,-1.5643759591153739
0.10850000000000008,-7.788621233520729,0.0,10.395062145617203,0.0,-1.5640150214095598,0.0,-7.788621233520729,10.395062145617203,-1.5640150214095598
0.10900000000000008,-7.780844422338106,0.0,10.39804381920726,0.0,-1.5636573250405164,0.0,-7.780844422338106,10.39804381920726,-1.5636573250405164
0.10950000000000008,-7.773116019838,0.0,10.401024015044356,0.0,-1.563302835746768,0.0,-7.773116019838,10.401024015044356,-1.563302835746768
0.11000000000000008,-7.765435659387123,0.0,10.404002621570896,0.0,-1.562951519627802,0.0,-7.765435659387123,10.404002621570896,-1.562951519627802
0.11050000000000008,-7.757802977393368,0.0,10.40697952899012,0.0,-1.5626033431432234,0.0,-7.757802977393368,10.40697952899012,-1.5626033431432234
0.11100000000000008,-7.750217613311747,0.0,10.409954629216259,0.0,-1.5622582731116594,0.0,-7.750217613311747,10.409954629216259,-1.5622582731116594
0.11150000000000009,-7.7426792096475765,0.0,10.412927815828368,0.0,-1.5619162767094679,0.0,-7.7426792096475765,10.412927815828368,-1.5619162767094679
0.11200000000000009,-7.735187411956645,0.0,10.415898984026342,0.0,-1.5615773214691444,0.0,-7.735187411956645,10.415898984026342,-1.5615773214691444
0.11250000000000009,-7.7277418688435375,0.0,10.418868030589863,0.0,-1.561241375277696,0.0,-7.7277418688435375,10.418868030589863,-1.561241375277696
0.11300000000000009,-7.720342231956948,0.0,10.4218348538393,0.0,-1.5609084063747005,0.0,-7.720342231956948,10.4218348538393,-1.5609084063747005
0.11350000000000009,-7.712988155983197,0.0,10.424799353599724,0.0,-1.5605783833503253,0.0,-7.712988155983197,10.424799353599724,-1.5605783833503253
0.11400000000000009,-7.705679298638074,0.0,10.427761431165663,0.0,-1.5602512751431163,0.0,-7.705679298638074,10.427761431165663,-1.5602512751431163
0.11450000000000009,-7.69841532065638,0.0,10.430720989268877,0.0,-1.5599270510376826,0.0,-7.69841532065638,10.430720989268877,-1.5599270510376826
0.11500000000000009,-7.691195885780303,0.0,10.433677932047942,0.0,-1.559605680662294,0.0,-7.691195885780303,10.433677932047942,-1.559605680662294
0.11550000000000009,-7.684020660745972,0.0,10.436632165018978,0.0,-1.5592871339863876,0.0,-7.684020660745972,10.436632165018978,-1.5592871339863876
0.11600000000000009,-7.676889315268909,0.0,10.439583595048134,0.0,-1.558971381317889,0.0,-7.676889315268909,10.439583595048134,-1.558971381317889
0.11650000000000009,-7.669801522027967,0.0,10.442532130325844,0.0,-1.5586583933005116,0.0,-7.669801522027967,10.442532130325844,-1.5586583933005116
0.11700000000000009,-7.662756956648536,0.0,10.445477680342265,0.0,-1.5583481409110078,0.0,-7.662756956648536,10.445477680342265,-1.5583481409110078
0.11750000000000009,-7.655755297684209,0.0,10.448420155863914,0.0,-1.5580405954562622,0.0,-7.655755297684209,10.448420155863914,-1.5580405954562622
0.11800000000000009,-7.648796226597909,0.0,10.451359468911676,0.0,-1.557735728570421,0.0,-7.648796226597909,10.451359468911676,-1.557735728570421
0.11850000000000009,-7.641879427742083,0.0,10.45429553273965,0.0,-1.5574335122119223,0.0,-7.641879427742083,10.45429553273965,-1.5574335122119223
0.11900000000000009,-7.635004588338035,0.0,10.457228261815828,0.0,-1.5571339186604547,0.0,-7.635004588338035,10.457228261815828,-1.5571339186604547
0.11950000000000009,-7.6281713984548105,0.0,10.46015757180237,0.0,-1.556836920513902,0.0,-7.6281713984548105,10.46015757180237,-1.556836920513902
0.12000000000000009,-7.6213795509870295,0.0,10.46308337953809,0.0,-1.5565424906853096,0.0,-7.6213795509870295,10.46308337953809,-1.5565424906853096
0.1205000000000001,-7.614628741632799,0.0,10.466005603021472,0.0,-1.5562506023996576,0.0,-7.614628741632799,10.466005603021472,-1.5562506023996576
0.1210000000000001,-7.60791866887061,0.0,10.46892416139383,0.0,-1.5559612291908707,0.0,-7.60791866887061,10.46892416139383,-1.5559612291908707
0.1215000000000001,-7.601249033936114,0.0,10.471838974923628,0.0,-1.555674344898506,0.0,-7.601249033936114,10.471838974923628,-1.555674344898506
0.1220000000000001,-7.594619540798419,0.0,10.474749964991986,0.0,-1.5553899236646416,0.0,-7.594619540798419,10.474749964991986,-1.5553899236646416
0.1225000000000001,-7.5880298961360495,0.0,10.477657054078122,0.0,-1.5551079399307426,0.0,-7.5880298961360495,10.477657054078122,-1.5551079399307426
0.1230000000000001,-7.581479809312867,0.0,10.480560165745487,0.0,-1.5548283684343716,0.0,-7.581479809312867,10.480560165745487,-1.5548283684343716
0.1235000000000001,-7.574968992353405,0.0,10.483459224628746,0.0,-1.5545511842060051,0.0,-7.574968992353405,10.483459224628746,-1.5545511842060051
0.1240000000000001,-7.56849715991828,0.0,10.486354156420873,0.0,-1.5542763625659077,0.0,-7.56849715991828,10.486354156420873,-1.5542763625659077
0.1245000000000001,-7.562064029279355,0.0,10.489244887861389,0.0,-1.5540038791208488,0.0,-7.562064029279355,10.489244887861389,-1.5540038791208488
0.12500000000000008,-7.555669320294896,0.0,10.492131346724193,0.0,-1.553733709760948,0.0,-7.555669320294896,10.492131346724193,-1.553733709760948
0.12550000000000008,-7.549312755384392,0.0,10.495013461806536,0.0,-1.5534658306564921,0.0,-7.549312755384392,10.495013461806536,-1.5534658306564921
0.12600000000000008,-7.542994059503599,0.0,10.497891162917767,0.0,-1.553200218254723,0.0,-7.542994059503599,10.497891162917767,-1.553200218254723
0.12650000000000008,-7.536712960119445,0.0,10.500764380869157,0.0,-1.552936849276719,0.0,-7.536712960119445,10.500764380869157,-1.552936849276719
0.12700000000000009,-7.530469187184906,0.0,10.503633047463154,0.0,-1.5526757007141896,0.0,-7.530469187184906,10.503633047463154,-1.5526757007141896
0.12750000000000009,-7.524262473113993,0.0,10.506497095483667,0.0,-1.552416749826385,0.0,-7.524262473113993,10.506497095483667,-1.552416749826385
0.12800000000000009,-7.518092552756514,0.0,10.509356458686625,0.0,-1.5521599741369556,0.0,-7.518092552756514,10.509356458686625,-1.5521599741369556
0.1285000000000001,-7.511959163373348,0.0,10.512211071790318,0.0,-1.5519053514308467,0.0,-7.511959163373348,10.512211071790318,-1.5519053514308467
0.1290000000000001,-7.505862044611376,0.0,10.515060870466243,0.0,-1.5516528597511936,0.0,-7.505862044611376,10.515060870466243,-1.5516528597511936
0.1295000000000001,-7.49980093847887,0.0,10.517905791330065,0.0,-1.5514024773963229,0.0,-7.49980093847887,10.517905791330065,-1.5514024773963229
0.1300000000000001,-7.493775589320478,0.0,10.520745771933377,0.0,-1.5511541829166404,0.0,-7.493775589320478,10.520745771933377,-1.5511541829166404
0.1305000000000001,-7.4877857437929265,0.0,10.523580750754945,0.0,-1.5509079551116614,0.0,-7.4877857437929265,10.523580750754945,-1.5509079551116614
0.1310000000000001,-7.481831150840549,0.0,10.526410667192124,0.0,-1.5506637730269688,0.0,-7.481831150840549,10.526410667192124,-1.5506637730269688
0.1315000000000001,-7.475911561670841,0.0,10.529235461553014,0.0,-1.5504216159513078,0.0,-7.475911561670841,10.529235461553014,-1.5504216159513078
0.1320000000000001,-7.470026729730478,0.0,10.532055075048504,0.0,-1.550181463413594,0.0,-7.470026729730478,10.532055075048504,-1.550181463413594
0.1325000000000001,-7.464176410681375,0.0,10.53486944978431,0.0,-1.549943295179986,0.0,-7.464176410681375,10.53486944978431,-1.549943295179986
0.1330000000000001,-7.458360362376652,0.0,10.53767852875319,0.0,-1.5497070912510509,0.0,-7.458360362376652,10.53767852875319,-1.5497070912510509
0.1335000000000001,-7.45257834483732,0.0,10.540482255827726,0.0,-1.5494728318588358,0.0,-7.45257834483732,10.540482255827726,-1.5494728318588358
0.1340000000000001,-7.44683012022864,0.0,10.543280575752362,0.0,-1.549240497464048,0.0,-7.44683012022864,10.543280575752362,-1.549240497464048
0.1345000000000001,-7.4411154528370105,0.0,10.54607343413636,0.0,-1.5490100687533115,0.0,-7.4411154528370105,10.54607343413636,-1.5490100687533115
0.1350000000000001,-7.4354341090468665,0.0,10.548860777446635,0.0,-1.5487815266362475,0.0,-7.4354341090468665,10.548860777446635,-1.5487815266362475
0.1355000000000001,-7.4297858573180235,0.0,10.551642553000363,0.0,-1.5485548522428658,0.0,-7.4297858573180235,10.551642553000363,-1.5485548522428658
0.1360000000000001,-7.424170468162799,0.0,10.55441870895828,0.0,-1.5483300269207376,0.0,-7.424170468162799,10.55441870895828,-1.5483300269207376
0.1365000000000001,-7.41858771412376,0.0,10.557189194317232,0.0,-1.5481070322323518,0.0,-7.41858771412376,10.557189194317232,-1.5481070322323518
0.1370000000000001,-7.4130373697515495,0.0,10.559953958903577,0.0,-1.5478858499524222,0.0,-7.4130373697515495,10.559953958903577,-1.5478858499524222
0.1375000000000001,-7.407519211583008,0.0,10.562712953366429,0.0,-1.5476664620653011,0.0,-7.407519211583008,10.562712953366429,-1.5476664620653011
0.1380000000000001,-7.402033018119141,0.0,10.565466129170659,0.0,-1.5474488507622652,0.0,-7.402033018119141,10.565466129170659,-1.5474488507622652
0.1385000000000001,-7.396578569803808,0.0,10.56821343859042,0.0,-1.547232998439064,0.0,-7.396578569803808,10.56821343859042,-1.547232998439064
0.1390000000000001,-7.391155649002542,0.0,10.57095483470232,0.0,-1.5470188876932696,0.0,-7.391155649002542,10.57095483470232,-1.5470188876932696
0.1395000000000001,-7.3857640399810975,0.0,10.573690271379007,0.0,-1.5468065013217966,0.0,-7.3857640399810975,10.573690271379007,-1.5468065013217966
0.1400000000000001,-7.38040352888504,0.0,10.576419703282511,0.0,-1.5465958223184444,0.0,-7.38040352888504,10.576419703282511,-1.5465958223184444
0.1405000000000001,-7.375073903718828,0.0,10.579143085857766,0.0,-1.5463868338713525,0.0,-7.375073903718828,10.579143085857766,-1.5463868338713525
0.1410000000000001,-7.369774954325493,0.0,10.581860375326414,0.0,-1.5461795193606207,0.0,-7.369774954325493,10.581860375326414,-1.5461795193606207
0.1415000000000001,-7.364506472366571,0.0,10.584571528679987,0.0,-1.545973862355929,0.0,-7.364506472366571,10.584571528679987,-1.545973862355929
0.1420000000000001,-7.359268251302012,0.0,10.587276503673934,0.0,-1.5457698466140997,0.0,-7.359268251302012,10.587276503673934,-1.5457698466140997
0.1425000000000001,-7.354060086370708,0.0,10.589975258821141,0.0,-1.5455674560767676,0.0,-7.354060086370708,10.589975258821141,-1.5455674560767676
0.1430000000000001,-7.348881774570714,0.0,10.592667753385513,0.0,-1.545366674868113,0.0,-7.348881774570714,10.592667753385513,-1.545366674868113
0.1435000000000001,-7.3437331146402585,0.0,10.595353947376225,0.0,-1.5451674872925025,0.0,-7.3437331146402585,10.595353947376225,-1.5451674872925025
0.1440000000000001,-7.338613907038507,0.0,10.598033801540737,0.0,-1.5449698778322656,0.0,-7.338613907038507,10.598033801540737,-1.5449698778322656
0.1445000000000001,-7.3335239539268855,0.0,10.60070727735939,0.0,-1.5447738311454273,0.0,-7.3335239539268855,10.60070727735939,-1.5447738311454273
0.1450000000000001,-7.328463059150522,0.0,10.603374337038758,0.0,-1.5445793320635701,0.0,-7.328463059150522,10.603374337038758,-1.5445793320635701
0.1455000000000001,-7.323431028219716,0.0,10.606034943505563,0.0,-1.544386365589581,0.0,-7.323431028219716,10.606034943505563,-1.544386365589581
0.1460000000000001,-7.318427668291974,0.0,10.608689060401048,0.0,-1.5441949168955205,0.0,-7.318427668291974,10.608689060401048,-1.5441949168955205
0.1465000000000001,-7.313452788154024,0.0,10.611336652074272,0.0,-1.5440049713205184,0.0,-7.313452788154024,10.611336652074272,-1.5440049713205184
0.1470000000000001,-7.3085061982041,0.0,10.613977683576195,0.0,-1.543816514368686,0.0,-7.3085061982041,10.613977683576195,-1.543816514368686
0.1475000000000001,-7.303587710434414,0.0,10.616612120654338,0.0,-1.5436295317069835,0.0,-7.303587710434414,10.616612120654338,-1.5436295317069835
0.1480000000000001,-7.298697138414013,0.0,10.619239929745788,0.0,-1.5434440091632382,0.0,-7.298697138414013,10.619239929745788,-1.5434440091632382
0.1485000000000001,-7.293834297271616,0.0,10.621861077972028,0.0,-1.5432599327241192,0.0,-7.293834297271616,10.621861077972028,-1.5432599327241192
0.1490000000000001,-7.2889990036786685,0.0,10.624475533132454,0.0,-1.543077288533091,0.0,-7.2889990036786685,10.624475533132454,-1.543077288533091
0.1495000000000001,-7.284191075832979,0.0,10.627083263698694,0.0,-1.5428960628885022,0.0,-7.284191075832979,10.627083263698694,-1.5428960628885022
0.1500000000000001,-7.279410333441888,0.0,10.629684238808807,0.0,-1.542716242241653,0.0,-7.279410333441888,10.629684238808807,-1.542716242241653
0.1505000000000001,-7.274656597706468,0.0,10.632278428261316,0.0,-1.5425378131948193,0.0,-7.274656597706468,10.632278428261316,-1.5425378131948193
0.1510000000000001,-7.269929691305208,0.0,10.634865802509182,0.0,-1.5423607624993991,0.0,-7.269929691305208,10.634865802509182,-1.5423607624993991
0.1515000000000001,-7.2652294383781,0.0,10.637446332654179,0.0,-1.5421850770540502,0.0,-7.2652294383781,10.637446332654179,-1.5421850770540502
0.1520000000000001,-7.260555664511344,0.0,10.640019990441033,0.0,-1.5420107439028357,0.0,-7.260555664511344,10.640019990441033,-1.5420107439028357
0.1525000000000001,-7.255908196721634,0.0,10.642586748251688,0.0,-1.5418377502334266,0.0,-7.255908196721634,10.642586748251688,-1.5418377502334266
0.1530000000000001,-7.251286863441038,0.0,10.645146579099276,0.0,-1.5416660833752402,0.0,-7.251286863441038,10.645146579099276,-1.5416660833752402
0.1535000000000001,-7.2466914945018175,0.0,10.64769945662266,0.0,-1.5414957307977772,0.0,-7.2466914945018175,10.64769945662266,-1.5414957307977772
0.1540000000000001,-7.242121921121765,0.0,10.650245355080813,0.0,-1.541326680108753,0.0,-7.242121921121765,10.650245355080813,-1.541326680108753
0.1545000000000001,-7.237577975889337,0.0,10.652784249346496,0.0,-1.5411589190524921,0.0,-7.237577975889337,10.652784249346496,-1.5411589190524921
0.1550000000000001,-7.23305949274922,0.0,10.655316114901325,0.0,-1.5409924355081301,0.0,-7.23305949274922,10.655316114901325,-1.5409924355081301
0.1555000000000001,-7.228566306988114,0.0,10.657840927829795,0.0,-1.5408272174879798,0.0,-7.228566306988114,10.657840927829795,-1.5408272174879798
0.1560000000000001,-7.224098255220497,0.0,10.660358664813486,0.0,-1.540663253135854,0.0,-7.224098255220497,10.660358664813486,-1.540663253135854
0.1565000000000001,-7.2196551753746405,0.0,10.662869303125603,0.0,-1.5405005307254598,0.0,-7.2196551753746405,10.662869303125603,-1.5405005307254598
0.1570000000000001,-7.215236906679024,0.0,10.665372820625464,0.0,-1.540339038658722,0.0,-7.215236906679024,10.665372820625464,-1.540339038658722
0.1575000000000001,-7.210843289648494,0.0,10.667869195752758,0.0,-1.5401787654642831,0.0,-7.210843289648494,10.667869195752758,-1.5401787654642831
0.1580000000000001,-7.206474166071075,0.0,10.670358407522087,0.0,-1.540019699795856,0.0,-7.206474166071075,10.670358407522087,-1.540019699795856
0.1585000000000001,-7.202129378994471,0.0,10.672840435517628,0.0,-1.5398618304306808,0.0,-7.202129378994471,10.672840435517628,-1.5398618304306808
0.1590000000000001,-7.197808772713216,0.0,10.6753152598871,0.0,-1.5397051462680267,0.0,-7.197808772713216,10.6753152598871,-1.5397051462680267
0.15950000000000011,-7.19351219275552,0.0,10.677782861336937,0.0,-1.5395496363276706,0.0,-7.19351219275552,10.677782861336937,-1.5395496363276706
0.16000000000000011,-7.189239485870701,0.0,10.680243221126261,0.0,-1.5393952897483487,0.0,-7.189239485870701,10.680243221126261,-1.5393952897483487
0.16050000000000011,-7.184990500016454,0.0,10.682696321062053,0.0,-1.5392420957864204,0.0,-7.184990500016454,10.682696321062053,-1.5392420957864204
0.16100000000000012,-7.18076508434649,0.0,10.685142143493067,0.0,-1.5390900438142694,0.0,-7.18076508434649,10.685142143493067,-1.5390900438142694
0.16150000000000012,-7.176563089198197,0.0,10.687580671304943,0.0,-1.538939123318947,0.0,-7.176563089198197,10.687580671304943,-1.538939123318947
0.16200000000000012,-7.172384366080564,0.0,10.69001188791458,0.0,-1.5387893239007582,0.0,-7.172384366080564,10.69001188791458,-1.5387893239007582
0.16250000000000012,-7.168228767662043,0.0,10.692435777265189,0.0,-1.538640635271868,0.0,-7.168228767662043,10.692435777265189,-1.538640635271868
0.16300000000000012,-7.164096147759011,0.0,10.694852323820385,0.0,-1.5384930472548746,0.0,-7.164096147759011,10.694852323820385,-1.5384930472548746
0.16350000000000012,-7.15998636132386,0.0,10.697261512559294,0.0,-1.5383465497815294,0.0,-7.15998636132386,10.697261512559294,-1.5383465497815294
0.16400000000000012,-7.155899264433572,0.0,10.699663328971326,0.0,-1.538201132891352,0.0,-7.155899264433572,10.699663328971326,-1.538201132891352
0.16450000000000012,-7.1518347142782375,0.0,10.702057759050774,0.0,-1.5380567867302943,0.0,-7.1518347142782375,10.702057759050774,-1.5380567867302943
0.16500000000000012,-7.147792569149942,0.0,10.7044447892917,0.0,-1.5379135015495038,0.0,-7.147792569149942,10.7044447892917,-1.5379135015495038
0.16550000000000012,-7.143772688431511,0.0,10.7068244066827,0.0,-1.5377712677039383,0.0,-7.143772688431511,10.7068244066827,-1.5377712677039383
0.16600000000000012,-7.139774932585766,0.0,10.709196598701737,0.0,-1.5376300756511796,0.0,-7.139774932585766,10.709196598701737,-1.5376300756511796
0.16650000000000012,-7.135799163144441,0.0,10.711561353311026,0.0,-1.5374899159501467,0.0,-7.135799163144441,10.711561353311026,-1.5374899159501467
0.16700000000000012,-7.131845242697722,0.0,10.713918658952139,0.0,-1.5373507792598815,0.0,-7.131845242697722,10.713918658952139,-1.5373507792598815
0.16750000000000012,-7.127913034883505,0.0,10.716268504540437,0.0,-1.5372126563382622,0.0,-7.127913034883505,10.716268504540437,-1.5372126563382622
0.16800000000000012,-7.124002404377137,0.0,10.71861087946047,0.0,-1.5370755380408951,0.0,-7.124002404377137,10.71861087946047,-1.5370755380408951
0.16850000000000012,-7.120113216880924,0.0,10.720945773560857,0.0,-1.53693941531985,0.0,-7.120113216880924,10.720945773560857,-1.53693941531985
0.16900000000000012,-7.116245339114158,0.0,10.723273177149167,0.0,-1.536804279222551,0.0,-7.116245339114158,10.723273177149167,-1.536804279222551
0.16950000000000012,-7.112398638802972,0.0,10.725593080986926,0.0,-1.5366701208905624,0.0,-7.112398638802972,10.725593080986926,-1.5366701208905624
0.17000000000000012,-7.108572984670417,0.0,10.727905476284889,0.0,-1.536536931558473,0.0,-7.108572984670417,10.727905476284889,-1.536536931558473
0.17050000000000012,-7.104768246426744,0.0,10.730210354698102,0.0,-1.5364047025527867,0.0,-7.104768246426744,10.730210354698102,-1.5364047025527867
0.17100000000000012,-7.100984294759684,0.0,10.732507708320668,0.0,-1.53627342529078,0.0,-7.100984294759684,10.732507708320668,-1.53627342529078
0.17150000000000012,-7.097221001324783,0.0,10.73479752968126,0.0,-1.5361430912794134,0.0,-7.097221001324783,10.73479752968126,-1.5361430912794134
0.17200000000000013,-7.093478238736253,0.0,10.737079811738226,0.0,-1.5360136921143024,0.0,-7.093478238736253,10.737079811738226,-1.5360136921143024
0.17250000000000013,-7.0897558805573055,0.0,10.739354547874655,0.0,-1.535885219478537,0.0,-7.0897558805573055,10.739354547874655,-1.535885219478537
0.17300000000000013,-7.086053801291257,0.0,10.741621731893815,0.0,-1.5357576651417517,0.0,-7.086053801291257,10.741621731893815,-1.5357576651417517
0.17350000000000013,-7.082371876372179,0.0,10.743881358014107,0.0,-1.5356310209590163,0.0,-7.082371876372179,10.743881358014107,-1.5356310209590163
0.17400000000000013,-7.078709982156084,0.0,10.746133420864624,0.0,-1.535505278869806,0.0,-7.078709982156084,10.746133420864624,-1.535505278869806
0.17450000000000013,-7.075067995912036,0.0,10.748377915480432,0.0,-1.5353804308970282,0.0,-7.075067995912036,10.748377915480432,-1.5353804308970282
0.17500000000000013,-7.0714457958132755,0.0,10.750614837297633,0.0,-1.5352564691459918,0.0,-7.0714457958132755,10.750614837297633,-1.5352564691459918
0.17550000000000013,-7.067843260928726,0.0,10.752844182149147,0.0,-1.535133385803448,0.0,-7.067843260928726,10.752844182149147,-1.535133385803448
0.17600000000000013,-7.064260271214238,0.0,10.755065946260004,0.0,-1.5350111731365956,0.0,-7.064260271214238,10.755065946260004,-1.5350111731365956
0.17650000000000013,-7.060696707504405,0.0,10.757280126242506,0.0,-1.534889823492108,0.0,-7.060696707504405,10.757280126242506,-1.534889823492108
0.17700000000000013,-7.05715245150401,0.0,10.759486719091854,0.0,-1.5347693292952513,0.0,-7.05715245150401,10.759486719091854,-1.5347693292952513
0.17750000000000013,-7.0536273857798335,0.0,10.76168572218188,0.0,-1.5346496830488618,0.0,-7.0536273857798335,10.76168572218188,-1.5346496830488618
0.17800000000000013,-7.0501213937525335,0.0,10.763877133260166,0.0,-1.534530877332493,0.0,-7.0501213937525335,10.763877133260166,-1.534530877332493
0.17850000000000013,-7.046634359688596,0.0,10.76606095044383,0.0,-1.5344129048014707,0.0,-7.046634359688596,10.76606095044383,-1.5344129048014707
0.17900000000000013,-7.043166168692437,0.0,10.768237172215152,0.0,-1.534295758186012,0.0,-7.043166168692437,10.768237172215152,-1.534295758186012
0.17950000000000013,-7.039716706698329,0.0,10.770405797416856,0.0,-1.5341794302903153,0.0,-7.039716706698329,10.770405797416856,-1.5341794302903153
0.18000000000000013,-7.036285860462982,0.0,10.772566825248248,0.0,-1.53406391399173,0.0,-7.036285860462982,10.772566825248248,-1.53406391399173
0.18050000000000013,-7.032873517557562,0.0,10.774720255260547,0.0,-1.5339492022398318,0.0,-7.032873517557562,10.774720255260547,-1.5339492022398318
0.18100000000000013,-7.029479566360351,0.0,10.776866087352573,0.0,-1.5338352880555988,0.0,-7.029479566360351,10.776866087352573,-1.5338352880555988
0.18150000000000013,-7.026103896049051,0.0,10.779004321766536,0.0,-1.533722164530623,0.0,-7.026103896049051,10.779004321766536,-1.533722164530623
0.18200000000000013,-7.0227463965936465,0.0,10.781134959083943,0.0,-1.533609824826172,0.0,-7.0227463965936465,10.781134959083943,-1.533609824826172
0.18250000000000013,-7.019406958748789,0.0,10.78325800022128,0.0,-1.5334982621724933,0.0,-7.019406958748789,10.78325800022128,-1.5334982621724933
0.18300000000000013,-7.016085474046832,0.0,10.785373446425695,0.0,-1.5333874698678827,0.0,-7.016085474046832,10.785373446425695,-1.5333874698678827
0.18350000000000014,-7.01278183479053,0.0,10.787481299271121,0.0,-1.5332774412779884,0.0,-7.01278183479053,10.787481299271121,-1.5332774412779884
0.18400000000000014,-7.0094959340461,0.0,10.789581560653858,0.0,-1.5331681698349655,0.0,-7.0094959340461,10.789581560653858,-1.5331681698349655
0.18450000000000014,-7.006227665636175,0.0,10.791674232788921,0.0,-1.5330596490367299,0.0,-7.006227665636175,10.791674232788921,-1.5330596490367299
0.18500000000000014,-7.002976924132952,0.0,10.793759318205218,0.0,-1.5329518724461337,0.0,-7.002976924132952,10.793759318205218,-1.5329518724461337
0.18550000000000014,-6.999743604851403,0.0,10.795836819742533,0.0,-1.5328448336903122,0.0,-6.999743604851403,10.795836819742533,-1.5328448336903122
0.18600000000000014,-6.996527603842452,0.0,10.797906740546637,0.0,-1.5327385264598519,0.0,-6.996527603842452,10.797906740546637,-1.5327385264598519
0.18650000000000014,-6.993328817886436,0.0,10.799969084065879,0.0,-1.532632944508073,0.0,-6.993328817886436,10.799969084065879,-1.532632944508073
0.18700000000000014,-6.990147144486485,0.0,10.802023854046809,0.0,-1.5325280816503053,0.0,-6.990147144486485,10.802023854046809,-1.5325280816503053
0.18750000000000014,-6.9869824818620145,0.0,10.804071054530823,0.0,-1.5324239317631694,0.0,-6.9869824818620145,10.804071054530823,-1.5324239317631694
0.18800000000000014,-6.983834728942412,0.0,10.806110689849845,0.0,-1.5323204887838813,0.0,-6.983834728942412,10.806110689849845,-1.5323204887838813
0.18850000000000014,-6.980703785360475,0.0,10.80814276462246,0.0,-1.5322177467095486,0.0,-6.980703785360475,10.80814276462246,-1.5322177467095486
0.18900000000000014,-6.977589551446329,0.0,10.810167283750332,0.0,-1.5321156995964316,0.0,-6.977589551446329,10.810167283750332,-1.5321156995964316
0.18950000000000014,-6.97449192822117,0.0,10.81218425241451,0.0,-1.5320143415593463,0.0,-6.97449192822117,10.81218425241451,-1.5320143415593463
0.19000000000000014,-6.971410817391131,0.0,10.814193676071284,0.0,-1.531913666770933,0.0,-6.971410817391131,10.814193676071284,-1.531913666770933
0.19050000000000014,-6.968346121341227,0.0,10.816195560448762,0.0,-1.5318136694609876,0.0,-6.968346121341227,10.816195560448762,-1.5318136694609876
0.19100000000000014,-6.965297743129327,0.0,10.818189911542902,0.0,-1.5317143439158585,0.0,-6.965297743129327,10.818189911542902,-1.5317143439158585
0.19150000000000014,-6.962265586480271,0.0,10.820176735614268,0.0,-1.5316156844777353,0.0,-6.962265586480271,10.820176735614268,-1.5316156844777353
0.19200000000000014,-6.959249555780104,0.0,10.822156039183938,0.0,-1.5315176855440598,0.0,-6.959249555780104,10.822156039183938,-1.5315176855440598
0.19250000000000014,-6.956249556070048,0.0,10.82412782903026,0.0,-1.531420341566836,0.0,-6.956249556070048,10.82412782903026,-1.531420341566836
0.19300000000000014,-6.953265493041073,0.0,10.826092112184824,0.0,-1.531323647052126,0.0,-6.953265493041073,10.826092112184824,-1.531323647052126
0.19350000000000014,-6.950297273027985,0.0,10.828048895929555,0.0,-1.531227596559276,0.0,-6.950297273027985,10.828048895929555,-1.531227596559276
0.19400000000000014,-6.947344803004057,0.0,10.829998187792683,0.0,-1.531132184700411,0.0,-6.947344803004057,10.829998187792683,-1.531132184700411
0.19450000000000014,-6.944407990575257,0.0,10.831939995545326,0.0,-1.5310374061398662,0.0,-6.944407990575257,10.831939995545326,-1.5310374061398662
0.19500000000000015,-6.9414867439750765,0.0,10.833874327198032,0.0,-1.5309432555934563,0.0,-6.9414867439750765,10.833874327198032,-1.5309432555934563
0.19550000000000015,-6.938580972058844,0.0,10.835801190997756,0.0,-1.5308497278280484,0.0,-6.938580972058844,10.835801190997756,-1.5308497278280484
0.19600000000000015,-6.935690584298499,0.0,10.837720595423832,0.0,-1.530756817660901,0.0,-6.935690584298499,10.837720595423832,-1.530756817660901
0.19650000000000015,-6.93281549077733,0.0,10.839632549184898,0.0,-1.5306645199591102,0.0,-6.93281549077733,10.839632549184898,-1.5306645199591102
0.19700000000000015,-6.929955602184748,0.0,10.841537061215718,0.0,-1.5305728296390129,0.0,-6.929955602184748,10.841537061215718,-1.5305728296390129
0.19750000000000015,-6.927110829811056,0.0,10.843434140673537,0.0,-1.5304817416657244,0.0,-6.927110829811056,10.843434140673537,-1.5304817416657244
0.19800000000000015,-6.924281085542333,0.0,10.845323796934906,0.0,-1.5303912510525137,0.0,-6.924281085542333,10.845323796934906,-1.5303912510525137
0.19850000000000015,-6.921466281855544,0.0,10.847206039592663,0.0,-1.5303013528602776,0.0,-6.921466281855544,10.847206039592663,-1.5303013528602776
0.19900000000000015,-6.918666331813199,0.0,10.849080878452355,0.0,-1.5302120421970145,0.0,-6.918666331813199,10.849080878452355,-1.5302120421970145
0.19950000000000015,-6.91588114905889,0.0,10.850948323529053,0.0,-1.530123314217299,0.0,-6.91588114905889,10.850948323529053,-1.530123314217299
0.20000000000000015,-6.913110647811891,0.0,10.852808385044682,0.0,-1.5300351641217702,0.0,-6.913110647811891,10.852808385044682,-1.5300351641217702
0.20050000000000015,-6.910354742862722,0.0,10.85466107342404,0.0,-1.5299475871565988,0.0,-6.910354742862722,10.85466107342404,-1.5299475871565988
0.20100000000000015,-6.907613349568152,0.0,10.856506399292527,0.0,-1.5298605786129968,0.0,-6.907613349568152,10.856506399292527,-1.5298605786129968
0.20150000000000015,-6.904886383846531,0.0,10.858344373472448,0.0,-1.529774133826706,0.0,-6.904886383846531,10.858344373472448,-1.529774133826706
0.20200000000000015,-6.9021737621730495,0.0,10.860175006980228,0.0,-1.5296882481775071,0.0,-6.9021737621730495,10.860175006980228,-1.5296882481775071
0.20250000000000015,-6.899475401575188,0.0,10.861998311023399,0.0,-1.5296029170887238,0.0,-6.899475401575188,10.861998311023399,-1.5296029170887238
0.20300000000000015,-6.89679121962817,0.0,10.863814296997248,0.0,-1.5295181360267662,0.0,-6.89679121962817,10.863814296997248,-1.5295181360267662
0.20350000000000015,-6.894121134450273,0.0,10.865622976482541,0.0,-1.529433900500635,0.0,-6.894121134450273,10.865622976482541,-1.529433900500635
0.20400000000000015,-6.8914650646985365,0.0,10.867424361241717,0.0,-1.529350206061423,0.0,-6.8914650646985365,10.867424361241717,-1.529350206061423
0.20450000000000015,-6.888822929564185,0.0,10.869218463216612,0.0,-1.5292670483019464,0.0,-6.888822929564185,10.869218463216612,-1.5292670483019464
0.20500000000000015,-6.88619464876831,0.0,10.87100529452539,0.0,-1.5291844228561615,0.0,-6.88619464876831,10.87100529452539,-1.5291844228561615
0.20550000000000015,-6.883580142557463,0.0,10.872784867459359,0.0,-1.5291023253988243,0.0,-6.883580142557463,10.872784867459359,-1.5291023253988243
0.20600000000000016,-6.880979331699507,0.0,10.874557194480644,0.0,-1.529020751644957,0.0,-6.880979331699507,10.874557194480644,-1.529020751644957
0.20650000000000016,-6.8783921374792385,0.0,10.876322288218944,0.0,-1.5289396973494433,0.0,-6.8783921374792385,10.876322288218944,-1.5289396973494433
0.20700000000000016,-6.875818481694239,0.0,10.878080161469029,0.0,-1.5288591583066307,0.0,-6.875818481694239,10.878080161469029,-1.5288591583066307
0.20750000000000016,-6.873258286650724,0.0,10.879830827187789,0.0,-1.5287791303498253,0.0,-6.873258286650724,10.879830827187789,-1.5287791303498253
0.20800000000000016,-6.870711475159283,0.0,10.8815742984915,0.0,-1.5286996093509373,0.0,-6.870711475159283,10.8815742984915,-1.5286996093509373
0.20850000000000016,-6.868177970531093,0.0,10.883310588653387,0.0,-1.5286205912199975,0.0,-6.868177970531093,10.883310588653387,-1.5286205912199975
0.20900000000000016,-6.865657696573663,0.0,10.88503971110049,0.0,-1.5285420719047949,0.0,-6.865657696573663,10.88503971110049,-1.5285420719047949
0.20950000000000016,-6.863150577586964,0.0,10.886761679411507,0.0,-1.5284640473904503,0.0,-6.863150577586964,10.886761679411507,-1.5284640473904503
0.21000000000000016,-6.860656538359393,0.0,10.888476507313555,0.0,-1.528386513698976,0.0,-6.860656538359393,10.888476507313555,-1.528386513698976
0.21050000000000016,-6.858175504163967,0.0,10.890184208680239,0.0,-1.5283094668889632,0.0,-6.858175504163967,10.890184208680239,-1.5283094668889632
0.21100000000000016,-6.855707400754369,0.0,10.891884797528633,0.0,-1.5282329030551125,0.0,-6.855707400754369,10.891884797528633,-1.5282329030551125
0.21150000000000016,-6.853252154361201,0.0,10.893578288016727,0.0,-1.5281568183278509,0.0,-6.853252154361201,10.893578288016727,-1.5281568183278509
0.21200000000000016,-6.850809691688198,0.0,10.895264694441153,0.0,-1.5280812088729832,0.0,-6.850809691688198,10.895264694441153,-1.5280812088729832
0.21250000000000016,-6.848379939908369,0.0,10.896944031234398,0.0,-1.5280060708912941,0.0,-6.848379939908369,10.896944031234398,-1.5280060708912941
0.21300000000000016,-6.845962826660582,0.0,10.898616312962531,0.0,-1.5279314006181508,0.0,-6.845962826660582,10.898616312962531,-1.5279314006181508
0.21350000000000016,-6.843558280045443,0.0,10.90028155432259,0.0,-1.5278571943231825,0.0,-6.843558280045443,10.90028155432259,-1.5278571943231825
0.21400000000000016,-6.841166228622086,0.0,10.901939770140302,0.0,-1.5277834483098829,0.0,-6.841166228622086,10.901939770140302,-1.5277834483098829
0.21450000000000016,-6.838786601404422,0.0,10.903590975367592,0.0,-1.5277101589152409,0.0,-6.838786601404422,10.903590975367592,-1.5277101589152409
0.21500000000000016,-6.836419327857499,0.0,10.905235185080187,0.0,-1.527637322509392,0.0,-6.836419327857499,10.905235185080187,-1.527637322509392
0.21550000000000016,-6.8340643378941195,0.0,10.906872414475117,0.0,-1.5275649354952918,0.0,-6.8340643378941195,10.906872414475117,-1.5275649354952918
0.21600000000000016,-6.831721561871348,0.0,10.9085026788689,0.0,-1.527492994308318,0.0,-6.831721561871348,10.9085026788689,-1.527492994308318
0.21650000000000016,-6.8293909305868965,0.0,10.910125993694578,0.0,-1.527421495415986,0.0,-6.8293909305868965,10.910125993694578,-1.527421495415986
0.21700000000000016,-6.82707237527589,0.0,10.911742374499738,0.0,-1.527350435317537,0.0,-6.82707237527589,10.911742374499738,-1.527350435317537
0.21750000000000017,-6.824765827607536,0.0,10.913351836944287,0.0,-1.5272798105437033,0.0,-6.824765827607536,10.913351836944287,-1.5272798105437033
0.21800000000000017,-6.822471219681546,0.0,10.914954396798294,0.0,-1.5272096176562542,0.0,-6.822471219681546,10.914954396798294,-1.5272096176562542
0.21850000000000017,-6.82018848402501,0.0,10.916550069939376,0.0,-1.5271398532477747,0.0,-6.82018848402501,10.916550069939376,-1.5271398532477747
0.21900000000000017,-6.817917553589012,0.0,10.918138872350937,0.0,-1.5270705139412684,0.0,-6.817917553589012,10.918138872350937,-1.5270705139412684
0.21950000000000017,-6.81565836174542,0.0,10.919720820119721,0.0,-1.5270015963898942,0.0,-6.81565836174542,10.919720820119721,-1.5270015963898942
0.22000000000000017,-6.813410842283815,0.0,10.921295929433882,0.0,-1.5269330972766042,0.0,-6.813410842283815,10.921295929433882,-1.5269330972766042
0.22050000000000017,-6.811174929408082,0.0,10.922864216580535,0.0,-1.5268650133138593,0.0,-6.811174929408082,10.922864216580535,-1.5268650133138593
0.22100000000000017,-6.808950557733368,0.0,10.924425697944173,0.0,-1.5267973412433236,0.0,-6.808950557733368,10.924425697944173,-1.5267973412433236
0.22150000000000017,-6.806737662282956,0.0,10.925980390003872,0.0,-1.526730077835552,0.0,-6.806737662282956,10.925980390003872,-1.526730077835552
0.22200000000000017,-6.804536178485137,0.0,10.92752830933199,0.0,-1.5266632198896701,0.0,-6.804536178485137,10.92752830933199,-1.5266632198896701
0.22250000000000017,-6.802346042170285,0.0,10.929069472591664,0.0,-1.526596764233112,0.0,-6.802346042170285,10.929069472591664,-1.526596764233112
0.22300000000000017,-6.800167189567674,0.0,10.930603896534706,0.0,-1.5265307077213137,0.0,-6.800167189567674,10.930603896534706,-1.5265307077213137
0.22350000000000017,-6.797999557302546,0.0,10.932131598000069,0.0,-1.5264650472374086,0.0,-6.797999557302546,10.932131598000069,-1.5264650472374086
0.22400000000000017,-6.795843082393105,0.0,10.933652593911575,0.0,-1.526399779691964,0.0,-6.795843082393105,10.933652593911575,-1.526399779691964
0.22450000000000017,-6.793697702247613,0.0,10.93516690127575,0.0,-1.526334902022647,0.0,-6.793697702247613,10.93516690127575,-1.526334902022647
0.22500000000000017,-6.791563354661548,0.0,10.93667453718058,0.0,-1.5262704111940621,0.0,-6.791563354661548,10.93667453718058,-1.5262704111940621
0.22550000000000017,-6.7894399778145385,0.0,10.938175518792605,0.0,-1.5262063041973377,0.0,-6.7894399778145385,10.938175518792605,-1.5262063041973377
0.22600000000000017,-6.787327510267687,0.0,10.93966986335613,0.0,-1.5261425780499138,0.0,-6.787327510267687,10.93966986335613,-1.5261425780499138
0.22650000000000017,-6.785225890960675,0.0,10.941157588190492,0.0,-1.5260792297953145,0.0,-6.785225890960675,10.941157588190492,-1.5260792297953145
0.22700000000000017,-6.78313505920886,0.0,10.942638710688698,0.0,-1.5260162565027926,0.0,-6.78313505920886,10.942638710688698,-1.5260162565027926
0.22750000000000017,-6.781054954700664,0.0,10.944113248315489,0.0,-1.525953655267159,0.0,-6.781054954700664,10.944113248315489,-1.525953655267159
0.22800000000000017,-6.778985517494704,0.0,10.945581218605355,0.0,-1.525891423208435,0.0,-6.778985517494704,10.945581218605355,-1.525891423208435
0.22850000000000018,-6.776926688017255,0.0,10.947042639160884,0.0,-1.5258295574716456,0.0,-6.776926688017255,10.947042639160884,-1.5258295574716456
0.22900000000000018,-6.774878407059219,0.0,10.948497527651227,0.0,-1.525768055226557,0.0,-6.774878407059219,10.948497527651227,-1.525768055226557
0.22950000000000018,-6.772840615773845,0.0,10.949945901809883,0.0,-1.525706913667456,0.0,-6.772840615773845,10.949945901809883,-1.525706913667456
0.23000000000000018,-6.7708132556737155,0.0,10.951387779433333,0.0,-1.5256461300128379,0.0,-6.7708132556737155,10.951387779433333,-1.5256461300128379
0.23050000000000018,-6.768796268628449,0.0,10.952823178379163,0.0,-1.525585701505186,0.0,-6.768796268628449,10.952823178379163,-1.525585701505186
0.23100000000000018,-6.7667895968619405,0.0,10.95425211656459,0.0,-1.525525625410772,0.0,-6.7667895968619405,10.95425211656459,-1.525525625410772
0.23150000000000018,-6.764793182949688,0.0,10.955674611964469,0.0,-1.525465899019359,0.0,-6.764793182949688,10.955674611964469,-1.525465899019359
0.23200000000000018,-6.762806969816467,0.0,10.95709068260993,0.0,-1.5254065196439868,0.0,-6.762806969816467,10.95709068260993,-1.5254065196439868
0.23250000000000018,-6.760830900733737,0.0,10.958500346586561,0.0,-1.5253474846207453,0.0,-6.760830900733737,10.958500346586561,-1.5253474846207453
0.23300000000000018,-6.758864919317006,0.0,10.959903622032982,0.0,-1.5252887913085686,0.0,-6.758864919317006,10.959903622032982,-1.5252887913085686
0.23350000000000018,-6.756908969523522,0.0,10.961300527139088,0.0,-1.525230437088915,0.0,-6.756908969523522,10.961300527139088,-1.525230437088915
0.23400000000000018,-6.75496299564972,0.0,10.962691080144452,0.0,-1.5251724193656528,0.0,-6.75496299564972,10.962691080144452,-1.5251724193656528
0.23450000000000018,-6.753026942328802,0.0,10.964075299337026,0.0,-1.525114735564756,0.0,-6.753026942328802,10.964075299337026,-1.525114735564756
0.23500000000000018,-6.751100754528466,0.0,10.965453203051368,0.0,-1.5250573831341327,0.0,-6.751100754528466,10.965453203051368,-1.5250573831341327
0.23550000000000018,-6.749184377548289,0.0,10.966824809667173,0.0,-1.5250003595433768,0.0,-6.749184377548289,10.966824809667173,-1.5250003595433768
0.23600000000000018,-6.747277757017372,0.0,10.968190137607735,0.0,-1.5249436622835901,0.0,-6.747277757017372,10.968190137607735,-1.5249436622835901
0.23650000000000018,-6.745380838892402,0.0,10.969549205338637,0.0,-1.524887288867106,0.0,-6.745380838892402,10.969549205338637,-1.524887288867106
0.23700000000000018,-6.743493569454756,0.0,10.970902031366052,0.0,-1.524831236827346,0.0,-6.743493569454756,10.970902031366052,-1.524831236827346
0.23750000000000018,-6.741615895308598,0.0,10.972248634235598,0.0,-1.5247755037185726,0.0,-6.741615895308598,10.972248634235598,-1.5247755037185726
0.23800000000000018,-6.739747763378375,0.0,10.973589032530526,0.0,-1.5247200871156892,0.0,-6.739747763378375,10.973589032530526,-1.5247200871156892
0.23850000000000018,-6.737889120906715,0.0,10.974923244870638,0.0,-1.5246649846140699,0.0,-6.737889120906715,10.974923244870638,-1.5246649846140699
0.23900000000000018,-6.736039915452153,0.0,10.97625128991075,0.0,-1.5246101938292753,0.0,-6.736039915452153,10.97625128991075,-1.5246101938292753
0.23950000000000018,-6.734200094886802,0.0,10.977573186339214,0.0,-1.5245557123969888,0.0,-6.734200094886802,10.977573186339214,-1.5245557123969888
0.24000000000000019,-6.732369607394276,0.0,10.978888952876787,0.0,-1.524501537972661,0.0,-6.732369607394276,10.978888952876787,-1.524501537972661
0.24050000000000019,-6.730548401467445,0.0,10.980198608275089,0.0,-1.5244476682314527,0.0,-6.730548401467445,10.980198608275089,-1.5244476682314527
0.2410000000000002,-6.728736425906391,0.0,10.98150217131547,0.0,-1.5243941008679585,0.0,-6.728736425906391,10.98150217131547,-1.5243941008679585
0.2415000000000002,-6.726933629815932,0.0,10.982799660807359,0.0,-1.5243408335960424,0.0,-6.726933629815932,10.982799660807359,-1.5243408335960424
0.2420000000000002,-6.7251399626040325,0.0,10.984091095587473,0.0,-1.5242878641486755,0.0,-6.7251399626040325,10.984091095587473,-1.5242878641486755
0.2425000000000002,-6.723355373979217,0.0,10.985376494517993,0.0,-1.5242351902777074,0.0,-6.723355373979217,10.985376494517993,-1.5242351902777074
0.2430000000000002,-6.721579813948722,0.0,10.986655876485713,0.0,-1.524182809753711,0.0,-6.721579813948722,10.986655876485713,-1.524182809753711
0.2435000000000002,-6.719813232816449,0.0,10.987929260400563,0.0,-1.5241307203657968,0.0,-6.719813232816449,10.987929260400563,-1.5241307203657968
0.2440000000000002,-6.718055581180778,0.0,10.989196665194527,0.0,-1.5240789199214362,0.0,-6.718055581180778,10.989196665194527,-1.5240789199214362
0.2445000000000002,-6.716306809932576,0.0,10.990458109820281,0.0,-1.524027406246283,0.0,-6.716306809932576,10.990458109820281,-1.524027406246283
0.2450000000000002,-6.714566870253321,0.0,10.991713613250056,0.0,-1.523976177183961,0.0,-6.714566870253321,10.991713613250056,-1.523976177183961
0.2455000000000002,-6.712835713612833,0.0,10.992963194474498,0.0,-1.5239252305959639,0.0,-6.712835713612833,10.992963194474498,-1.5239252305959639
0.2460000000000002,-6.7111132917677025,0.0,10.994206872501536,0.0,-1.523874564361428,0.0,-6.7111132917677025,10.994206872501536,-1.523874564361428
0.2465000000000002,-6.709399556758939,0.0,10.9954446663549,0.0,-1.5238241763769906,0.0,-6.709399556758939,10.9954446663549,-1.5238241763769906
0.2470000000000002,-6.707694460910176,0.0,10.996676595073325,0.0,-1.5237740645565765,0.0,-6.707694460910176,10.996676595073325,-1.5237740645565765
0.2475000000000002,-6.705997956825797,0.0,10.99790267770959,0.0,-1.523724226831348,0.0,-6.705997956825797,10.99790267770959,-1.523724226831348
0.2480000000000002,-6.704309997388975,0.0,10.99912293332875,0.0,-1.5236746611493786,0.0,-6.704309997388975,10.99912293332875,-1.5236746611493786
0.2485000000000002,-6.702630535759766,0.0,11.000337381007569,0.0,-1.523625365475624,0.0,-6.702630535759766,11.000337381007569,-1.523625365475624
0.2490000000000002,-6.700959525373236,0.0,11.001546039833443,0.0,-1.5235763377916882,0.0,-6.700959525373236,11.001546039833443,-1.5235763377916882
0.2495000000000002,-6.699296919937666,0.0,11.002748928902975,0.0,-1.5235275760957023,0.0,-6.699296919937666,11.002748928902975,-1.5235275760957023
0.25000000000000017,-6.6976426734325685,0.0,11.003946067321237,0.0,-1.5234790784021754,0.0,-6.6976426734325685,11.003946067321237,-1.5234790784021754
0.25050000000000017,-6.695996740107034,0.0,11.005137474200467,0.0,-1.5234308427417673,0.0,-6.695996740107034,11.005137474200467,-1.5234308427417673
0.25100000000000017,-6.69435907447766,0.0,11.006323168659492,0.0,-1.5233828671612457,0.0,-6.69435907447766,11.006323168659492,-1.5233828671612457
0.25150000000000017,-6.692729631327154,0.0,11.007503169822087,0.0,-1.5233351497232732,0.0,-6.692729631327154,11.007503169822087,-1.5233351497232732
0.25200000000000017,-6.691108365702036,0.0,11.008677496816404,0.0,-1.5232876885062012,0.0,-6.691108365702036,11.008677496816404,-1.5232876885062012
0.25250000000000017,-6.6894952329113835,0.0,11.009846168774118,0.0,-1.5232404816040699,0.0,-6.6894952329113835,11.009846168774118,-1.5232404816040699
0.25300000000000017,-6.687890188524705,0.0,11.011009204828952,0.0,-1.5231935271263168,0.0,-6.687890188524705,11.011009204828952,-1.5231935271263168
0.25350000000000017,-6.686293188370314,0.0,11.012166624115935,0.0,-1.5231468231977132,0.0,-6.686293188370314,11.012166624115935,-1.5231468231977132
0.25400000000000017,-6.684704188533715,0.0,11.013318445770722,0.0,-1.5231003679581931,0.0,-6.684704188533715,11.013318445770722,-1.5231003679581931
0.25450000000000017,-6.683123145355694,0.0,11.014464688928342,0.0,-1.5230541595627471,0.0,-6.683123145355694,11.014464688928342,-1.5230541595627471
0.25500000000000017,-6.681550015430815,0.0,11.015605372722348,0.0,-1.523008196181209,0.0,-6.681550015430815,11.015605372722348,-1.523008196181209
0.25550000000000017,-6.679984755605602,0.0,11.016740516283903,0.0,-1.5229624759981988,0.0,-6.679984755605602,11.016740516283903,-1.5229624759981988
0.25600000000000017,-6.6784273229769155,0.0,11.017870138741046,0.0,-1.522916997212917,0.0,-6.6784273229769155,11.017870138741046,-1.522916997212917
0.2565000000000002,-6.676877674890363,0.0,11.01899425921755,0.0,-1.5228717580390736,0.0,-6.676877674890363,11.01899425921755,-1.5228717580390736
0.2570000000000002,-6.675335768938481,0.0,11.020112896832245,0.0,-1.5228267567047027,0.0,-6.675335768938481,11.020112896832245,-1.5228267567047027
0.2575000000000002,-6.673801562959312,0.0,11.021226070698106,0.0,-1.5227819914520637,0.0,-6.673801562959312,11.021226070698106,-1.5227819914520637
0.2580000000000002,-6.6722750150347,0.0,11.02233379992117,0.0,-1.5227374605374706,0.0,-6.6722750150347,11.02233379992117,-1.5227374605374706
0.2585000000000002,-6.670756083488612,0.0,11.023436103600318,0.0,-1.522693162231235,0.0,-6.670756083488612,11.023436103600318,-1.522693162231235
0.2590000000000002,-6.669244726885722,0.0,11.024533000825727,0.0,-1.5226490948174316,0.0,-6.669244726885722,11.024533000825727,-1.5226490948174316
0.2595000000000002,-6.6677409040296425,0.0,11.02562451067854,0.0,-1.5226052565938772,0.0,-6.6677409040296425,11.02562451067854,-1.5226052565938772
0.2600000000000002,-6.6662445739615634,0.0,11.026710652229724,0.0,-1.5225616458719529,0.0,-6.6662445739615634,11.026710652229724,-1.5225616458719529
0.2605000000000002,-6.664755695958547,0.0,11.027791444539787,0.0,-1.522518260976483,0.0,-6.664755695958547,11.027791444539787,-1.522518260976483
0.2610000000000002,-6.663274229532021,0.0,11.028866906657356,0.0,-1.5224751002455932,0.0,-6.663274229532021,11.028866906657356,-1.5224751002455932
0.2615000000000002,-6.661800134426301,0.0,11.029937057618838,0.0,-1.5224321620306327,0.0,-6.661800134426301,11.029937057618838,-1.5224321620306327
0.2620000000000002,-6.6603333706170815,0.0,11.031001916447792,0.0,-1.5223894446960315,0.0,-6.6603333706170815,11.031001916447792,-1.5223894446960315
0.2625000000000002,-6.658873898309878,0.0,11.032061502153624,0.0,-1.5223469466191872,0.0,-6.658873898309878,11.032061502153624,-1.5223469466191872
0.2630000000000002,-6.657421677938601,0.0,11.033115833731358,0.0,-1.522304666190351,0.0,-6.657421677938601,11.033115833731358,-1.522304666190351
0.2635000000000002,-6.655976670163909,0.0,11.03416493016067,0.0,-1.5222626018124714,0.0,-6.655976670163909,11.03416493016067,-1.5222626018124714
0.2640000000000002,-6.654538835872046,0.0,11.035208810405265,0.0,-1.5222207519011448,0.0,-6.654538835872046,11.035208810405265,-1.5222207519011448
0.2645000000000002,-6.653108136173159,0.0,11.036247493412247,0.0,-1.5221791148844588,0.0,-6.653108136173159,11.036247493412247,-1.5221791148844588
0.2650000000000002,-6.651684532399969,0.0,11.037280998111214,0.0,-1.5221376892028786,0.0,-6.651684532399969,11.037280998111214,-1.5221376892028786
0.2655000000000002,-6.650267986106144,0.0,11.0383093434138,0.0,-1.522096473309169,0.0,-6.650267986106144,11.0383093434138,-1.522096473309169
0.2660000000000002,-6.648858459065252,0.0,11.03933254821277,0.0,-1.5220554656682523,0.0,-6.648858459065252,11.03933254821277,-1.5220554656682523
0.2665000000000002,-6.647455913268914,0.0,11.040350631381784,0.0,-1.5220146647570942,0.0,-6.647455913268914,11.040350631381784,-1.5220146647570942
0.2670000000000002,-6.646060310925776,0.0,11.041363611774159,0.0,-1.5219740690646262,0.0,-6.646060310925776,11.041363611774159,-1.5219740690646262
0.2675000000000002,-6.644671614459895,0.0,11.04237150822263,0.0,-1.5219336770916314,0.0,-6.644671614459895,11.04237150822263,-1.5219336770916314
0.2680000000000002,-6.643289786509456,0.0,11.043374339538786,0.0,-1.5218934873506171,0.0,-6.643289786509456,11.043374339538786,-1.5218934873506171
0.2685000000000002,-6.641914789925352,0.0,11.044372124511995,0.0,-1.521853498365708,0.0,-6.641914789925352,11.044372124511995,-1.521853498365708
0.2690000000000002,-6.640546587769933,0.0,11.04536488190928,0.0,-1.521813708672589,0.0,-6.640546587769933,11.04536488190928,-1.521813708672589
0.2695000000000002,-6.639185143315586,0.0,11.046352630474644,0.0,-1.5217741168183707,0.0,-6.639185143315586,11.046352630474644,-1.5217741168183707
0.2700000000000002,-6.637830420043372,0.0,11.047335388928104,0.0,-1.5217347213614616,0.0,-6.637830420043372,11.047335388928104,-1.5217347213614616
0.2705000000000002,-6.636482381641827,0.0,11.048313175965461,0.0,-1.521695520871532,0.0,-6.636482381641827,11.048313175965461,-1.521695520871532
0.2710000000000002,-6.635140992005432,0.0,11.049286010257674,0.0,-1.5216565139293579,0.0,-6.635140992005432,11.049286010257674,-1.5216565139293579
0.2715000000000002,-6.633806215233619,0.0,11.050253910450238,0.0,-1.5216176991267503,0.0,-6.633806215233619,11.050253910450238,-1.5216176991267503
0.2720000000000002,-6.632478015629175,0.0,11.051216895162781,0.0,-1.521579075066441,0.0,-6.632478015629175,11.051216895162781,-1.521579075066441
0.2725000000000002,-6.631156357697165,0.0,11.052174982988106,0.0,-1.521540640361998,0.0,-6.631156357697165,11.052174982988106,-1.521540640361998
0.2730000000000002,-6.62984120614351,0.0,11.053128192492238,0.0,-1.5215023936377747,0.0,-6.62984120614351,11.053128192492238,-1.5215023936377747
0.2735000000000002,-6.628532525873908,0.0,11.054076542213295,0.0,-1.521464333528698,0.0,-6.628532525873908,11.054076542213295,-1.521464333528698
0.2740000000000002,-6.627230281992411,0.0,11.055020050661597,0.0,-1.5214264586803097,0.0,-6.627230281992411,11.055020050661597,-1.5214264586803097
0.2745000000000002,-6.625934439800204,0.0,11.05595873631853,0.0,-1.5213887677485687,0.0,-6.625934439800204,11.05595873631853,-1.5213887677485687
0.2750000000000002,-6.6246449647944985,0.0,11.05689261763655,0.0,-1.521351259399836,0.0,-6.6246449647944985,11.05689261763655,-1.521351259399836
0.2755000000000002,-6.623361822667164,0.0,11.057821713038493,0.0,-1.5213139323107328,0.0,-6.623361822667164,11.057821713038493,-1.5213139323107328
0.2760000000000002,-6.622084979303622,0.0,11.058746040916958,0.0,-1.5212767851680695,0.0,-6.622084979303622,11.058746040916958,-1.5212767851680695
0.2765000000000002,-6.620814400781455,0.0,11.05966561963396,0.0,-1.521239816668782,0.0,-6.620814400781455,11.05966561963396,-1.521239816668782
0.2770000000000002,-6.619550053369494,0.0,11.060580467520538,0.0,-1.521203025519796,0.0,-6.619550053369494,11.060580467520538,-1.521203025519796
0.2775000000000002,-6.618291903526426,0.0,11.061490602876233,0.0,-1.5211664104379494,0.0,-6.618291903526426,11.061490602876233,-1.5211664104379494
0.2780000000000002,-6.6170399178996036,0.0,11.062396043968533,0.0,-1.5211299701499783,0.0,-6.6170399178996036,11.062396043968533,-1.5211299701499783
0.2785000000000002,-6.615794063323989,0.0,11.063296809032579,0.0,-1.5210937033923102,0.0,-6.615794063323989,11.063296809032579,-1.5210937033923102
0.2790000000000002,-6.614554306820935,0.0,11.064192916270656,0.0,-1.521057608911093,0.0,-6.614554306820935,11.064192916270656,-1.521057608911093
0.2795000000000002,-6.613320615597047,0.0,11.065084383851797,0.0,-1.5210216854620313,0.0,-6.613320615597047,11.065084383851797,-1.5210216854620313
0.2800000000000002,-6.612092957042961,0.0,11.065971229911213,0.0,-1.5209859318103867,0.0,-6.612092957042961,11.065971229911213,-1.5209859318103867
0.2805000000000002,-6.61087129873232,0.0,11.066853472550235,0.0,-1.5209503467307712,0.0,-6.61087129873232,11.066853472550235,-1.5209503467307712
0.2810000000000002,-6.6096556084205815,0.0,11.067731129835408,0.0,-1.5209149290071906,0.0,-6.6096556084205815,11.067731129835408,-1.5209149290071906
0.2815000000000002,-6.608445854043936,0.0,11.068604219798658,0.0,-1.5208796774329159,0.0,-6.608445854043936,11.068604219798658,-1.5208796774329159
0.2820000000000002,-6.607242003718142,0.0,11.069472760436327,0.0,-1.5208445908103911,0.0,-6.607242003718142,11.069472760436327,-1.5208445908103911
0.2825000000000002,-6.606044025737475,0.0,11.070336769709286,0.0,-1.5208096679511627,0.0,-6.606044025737475,11.070336769709286,-1.5208096679511627
0.2830000000000002,-6.604851888573563,0.0,11.071196265542198,0.0,-1.520774907675822,0.0,-6.604851888573563,11.071196265542198,-1.520774907675822
0.2835000000000002,-6.603665560874418,0.0,11.072051265823404,0.0,-1.5207403088138918,0.0,-6.603665560874418,11.072051265823404,-1.5207403088138918
0.2840000000000002,-6.602485011463244,0.0,11.072901788404465,0.0,-1.5207058702037912,0.0,-6.602485011463244,11.072901788404465,-1.5207058702037912
0.2845000000000002,-6.601310209337413,0.0,11.073747851099483,0.0,-1.5206715906927428,0.0,-6.601310209337413,11.073747851099483,-1.5206715906927428
0.2850000000000002,-6.600141123667356,0.0,11.07458947168567,0.0,-1.5206374691367017,0.0,-6.600141123667356,11.07458947168567,-1.5206374691367017
0.2855000000000002,-6.598977723795542,0.0,11.075426667901809,0.0,-1.5206035044002277,0.0,-6.598977723795542,11.075426667901809,-1.5206035044002277
0.2860000000000002,-6.597819979235538,0.0,11.076259457448714,0.0,-1.5205696953565209,0.0,-6.597819979235538,11.076259457448714,-1.5205696953565209
0.2865000000000002,-6.5966678596707595,0.0,11.077087857988886,0.0,-1.520536040887258,0.0,-6.5966678596707595,11.077087857988886,-1.520536040887258
0.2870000000000002,-6.595521334953531,0.0,11.077911887145717,0.0,-1.520502539882564,0.0,-6.595521334953531,11.077911887145717,-1.520502539882564
0.2875000000000002,-6.594380375104151,0.0,11.078731562503606,0.0,-1.520469191240899,0.0,-6.594380375104151,11.078731562503606,-1.520469191240899
0.2880000000000002,-6.593244950309725,0.0,11.0795469016075,0.0,-1.5204359938690857,0.0,-6.593244950309725,11.0795469016075,-1.5204359938690857
0.2885000000000002,-6.592115030923225,0.0,11.080357921962559,0.0,-1.5204029466821112,0.0,-6.592115030923225,11.080357921962559,-1.5204029466821112
0.2890000000000002,-6.590990587462471,0.0,11.081164641033922,0.0,-1.5203700486031408,0.0,-6.590990587462471,11.081164641033922,-1.5203700486031408
0.2895000000000002,-6.589871590609164,0.0,11.081967076246428,0.0,-1.5203372985634331,0.0,-6.589871590609164,11.081967076246428,-1.5203372985634331
0.2900000000000002,-6.588758011207943,0.0,11.08276524498416,0.0,-1.5203046955022543,0.0,-6.588758011207943,11.08276524498416,-1.5203046955022543
0.2905000000000002,-6.58764982026517,0.0,11.083559164590383,0.0,-1.520272238366836,0.0,-6.58764982026517,11.083559164590383,-1.520272238366836
0.2910000000000002,-6.586546988948271,0.0,11.084348852367384,0.0,-1.520239926112282,0.0,-6.586546988948271,11.084348852367384,-1.520239926112282
0.2915000000000002,-6.585449488584516,0.0,11.08513432557561,0.0,-1.52020775770157,0.0,-6.585449488584516,11.08513432557561,-1.52020775770157
0.2920000000000002,-6.584357290660222,0.0,11.085915601434124,0.0,-1.5201757321053577,0.0,-6.584357290660222,11.085915601434124,-1.5201757321053577
0.2925000000000002,-6.583270366819647,0.0,11.086692697119929,0.0,-1.5201438483020624,0.0,-6.583270366819647,11.086692697119929,-1.5201438483020624
0.2930000000000002,-6.582188688864221,0.0,11.087465629767792,0.0,-1.520112105277704,0.0,-6.582188688864221,11.087465629767792,-1.520112105277704
0.2935000000000002,-6.581112228751465,0.0,11.088234416470186,0.0,-1.5200805020258699,0.0,-6.581112228751465,11.088234416470186,-1.5200805020258699
0.2940000000000002,-6.580040958594083,0.0,11.088999074276728,0.0,-1.5200490375476647,0.0,-6.580040958594083,11.088999074276728,-1.5200490375476647
0.2945000000000002,-6.578974850659023,0.0,11.08975962019423,0.0,-1.5200177108515973,0.0,-6.578974850659023,11.08975962019423,-1.5200177108515973
0.2950000000000002,-6.577913877366655,0.0,11.090516071186244,0.0,-1.5199865209536085,0.0,-6.577913877366655,11.090516071186244,-1.5199865209536085
0.2955000000000002,-6.5768580112897155,0.0,11.091268444173124,0.0,-1.5199554668769366,0.0,-6.5768580112897155,11.091268444173124,-1.5199554668769366
0.2960000000000002,-6.575807225152488,0.0,11.092016756031569,0.0,-1.5199245476520886,0.0,-6.575807225152488,11.092016756031569,-1.5199245476520886
0.2965000000000002,-6.574761491829918,0.0,11.092761023594505,0.0,-1.5198937623167552,0.0,-6.574761491829918,11.092761023594505,-1.5198937623167552
0.2970000000000002,-6.573720784346534,0.0,11.09350126365075,0.0,-1.519863109915768,0.0,-6.573720784346534,11.09350126365075,-1.519863109915768
0.2975000000000002,-6.572685075875853,0.0,11.09423749294507,0.0,-1.5198325895010854,0.0,-6.572685075875853,11.09423749294507,-1.5198325895010854
0.2980000000000002,-6.57165433973924,0.0,11.094969728177887,0.0,-1.519802200131636,0.0,-6.57165433973924,11.094969728177887,-1.519802200131636
0.2985000000000002,-6.570628549405143,0.0,11.095697986004893,0.0,-1.519771940873369,0.0,-6.570628549405143,11.095697986004893,-1.519771940873369
0.2990000000000002,-6.5696076784881825,0.0,11.096422283036986,0.0,-1.519741810799097,0.0,-6.5696076784881825,11.096422283036986,-1.519741810799097
0.2995000000000002,-6.568591700748357,0.0,11.097142635840385,0.0,-1.5197118089885322,0.0,-6.568591700748357,11.097142635840385,-1.5197118089885322
0.3000000000000002,-6.567580590090159,0.0,11.097859060935889,0.0,-1.5196819345281654,0.0,-6.567580590090159,11.097859060935889,-1.5196819345281654
0.3005000000000002,-6.566574320561585,0.0,11.098571574799166,0.0,-1.519652186511209,0.0,-6.566574320561585,11.098571574799166,-1.519652186511209
0.3010000000000002,-66.56557286635345,0.0,59.099280193860466,0.0,14.480377435962382,0.0,-66.56557286635345,59.099280193860466,14.480377435962382
0.3015000000000002,-55.98717893316879,0.0,52.19026824499133,0.0,6.7757889519002745,0.0,-55.98717893316879,52.19026824499133,6.7757889519002745
0.3020000000000002,-47.46775480348728,0.0,46.29135054123634,0.0,2.8415061845050076,0.0,-47.46775480348728,46.29135054123634,2.8415061845050076
0.3025000000000002,-40.53448205855136,0.0,41.28732565261248,0.0,0.8665009908579151,0.0,-40.53448205855136,41.28732565261248,0.8665009908579151
0.3030000000000002,-34.85435983110892,0.0,37.05771851738655,0.0,-0.09643394476609046,0.0,-34.85435983110892,37.05771851738655,-0.09643394476609046
0.3035000000000002,-30.181899138265237,0.0,33.489305791687684,0.0,-0.5417038845622102,0.0,-30.181899138265237,33.489305791687684,-0.5417038845622102
0.3040000000000002,-26.3293293675832,0.0,30.480941774876328,0.0,-0.7264916955957261,0.0,-26.3293293675832,30.480941774876328,-0.7264916955957261
0.3045000000000002,-23.149011494262027,0.0,27.944710410563687,0.0,-0.7838426595947681,0.0,-23.149011494262027,27.944710410563687,-0.7838426595947681
0.3050000000000002,-20.52257805934579,0.0,25.80539287480019,0.0,-0.7819676919298075,0.0,-20.52257805934579,25.80539287480019,-0.7819676919298075
0.3055000000000002,-18.353870534569324,0.0,23.999239702474995,0.0,-0.7553221451424506,0.0,-18.353870534569324,23.999239702474995,-0.7553221451424506
0.3060000000000002,-16.564093431506137,0.0,22.472532771169938,0.0,-0.7208746899765686,0.0,-16.564093431506137,22.472532771169938,-0.7208746899765686
0.3065000000000002,-15.088319517499428,0.0,21.180166563430248,0.0,-0.6866081968507203,0.0,-15.088319517499428,21.180166563430248,-0.6866081968507203
0.3070000000000002,-13.872861461318166,0.0,20.084348405838284,0.0,-0.655948971961557,0.0,-13.872861461318166,20.084348405838284,-0.655948971961557
0.3075000000000002,-12.873229937703343,0.0,19.15345257892693,0.0,-0.6300641093151995,0.0,-12.873229937703343,19.15345257892693,-0.6300641093151995
0.3080000000000002,-12.052509696699957,0.0,18.361031857505054,0.0,-0.609044466445507,0.0,-12.052509696699957,18.361031857505054,-0.609044466445507
0.3085000000000002,-11.380047044092692,0.0,17.684975875090856,0.0,-0.5925066475598371,0.0,-11.380047044092692,17.684975875090856,-0.5925066475598371
0.3090000000000002,-10.830377601619034,0.0,17.106800226952146,0.0,-0.5798933157831598,0.0,-10.830377601619034,17.106800226952146,-0.5798933157831598
0.3095000000000002,-10.382344272702937,0.0,16.61104902354515,0.0,-0.5706178846072518,0.0,-10.382344272702937,16.61104902354515,-0.5706178846072518
0.3100000000000002,-10.018368472298107,0.0,16.184794399155578,0.0,-0.5641297734623834,0.0,-10.018368472298107,16.184794399155578,-0.5641297734623834
0.3105000000000002,-9.723846324010538,0.0,15.817218103521157,0.0,-0.5599398212028674,0.0,-9.723846324010538,15.817218103521157,-0.5599398212028674
0.3110000000000002,-9.486647536045325,0.0,15.499262174502348,0.0,-0.5576263142747315,0.0,-9.486647536045325,15.499262174502348,-0.5576263142747315
0.3115000000000002,-9.29669905428409,0.0,15.22333752829303,0.0,-0.5568320994630191,0.0,-9.29669905428409,15.22333752829303,-0.5568320994630191
0.3120000000000002,-9.145638925276103,0.0,14.98308098753688,0.0,-0.5572580569022385,0.0,-9.145638925276103,14.98308098753688,-0.5572580569022385
0.3125000000000002,-9.026528414613324,0.0,14.773152753602915,0.0,-0.5586555218060099,0.0,-9.026528414613324,14.773152753602915,-0.5586555218060099
0.3130000000000002,-8.933612517564512,0.0,14.589067612560939,0.0,-0.5608188649021884,0.0,-8.933612517564512,14.589067612560939,-0.5608188649021884
0.3135000000000002,-8.862120697216199,0.0,14.42705425831332,0.0,-0.5635787442105311,0.0,-8.862120697216199,14.42705425831332,-0.5635787442105311
0.3140000000000002,-8.808101077466688,0.0,14.28393804117178,0.0,-0.5667961962229455,0.0,-8.808101077466688,14.28393804117178,-0.5667961962229455
0.3145000000000002,-8.768282466010305,0.0,14.157043227877807,0.0,-0.570357571278798,0.0,-8.768282466010305,14.157043227877807,-0.570357571278798
0.3150000000000002,-8.739959532235503,0.0,14.044111510765504,0.0,-0.5741702466914589,0.0,-8.739959532235503,14.044111510765504,-0.5741702466914589
0.3155000000000002,-8.72089725263794,0.0,13.943234048566467,0.0,-0.5781590256927274,0.0,-8.72089725263794,13.943234048566467,-0.5781590256927274
0.3160000000000002,-8.709251390432854,0.0,13.852794776063092,0.0,-0.5822631266934231,0.0,-8.709251390432854,13.852794776063092,-0.5822631266934231
0.3165000000000002,-8.703502319620895,0.0,13.771423098887169,0.0,-0.5864336735829738,0.0,-8.703502319620895,13.771423098887169,-0.5864336735829738
0.3170000000000002,-8.702399955684172,0.0,13.69795440556004,0.0,-0.5906316077484597,0.0,-8.702399955684172,13.69795440556004,-0.5906316077484597
0.3175000000000002,-8.704917930913751,0.0,13.63139709181695,0.0,-0.594825953254766,0.0,-8.704917930913751,13.63139709181695,-0.594825953254766
0.3180000000000002,-8.71021546495814,0.0,13.570905011106618,0.0,-0.5989923768564758,0.0,-8.71021546495814,13.570905011106618,-0.5989923768564758
0.3185000000000002,-8.717605641195746,0.0,13.51575444727257,0.0,-0.6031119936763503,0.0,-8.717605641195746,13.51575444727257,-0.6031119936763503
0.31900000000000023,-8.726529015833393,0.0,13.465324856936206,0.0,-0.6071703773408572,0.0,-8.726529015833393,13.465324856936206,-0.6071703773408572
0.31950000000000023,-8.736531666578173,0.0,13.419082755158684,0.0,-0.6111567401475284,0.0,-8.736531666578173,13.419082755158684,-0.6111567401475284
0.32000000000000023,-8.747246937438945,0.0,13.376568222823153,0.0,-0.6150632545649941,0.0,-8.747246937438945,13.376568222823153,-0.6150632545649941
0.32050000000000023,-8.75838026077821,0.0,13.337383601422744,0.0,-0.6188844921679184,0.0,-8.75838026077821,13.337383601422744,-0.6188844921679184
0.32100000000000023,-8.769696541384803,0.0,13.301184013524903,0.0,-0.6226169601221301,0.0,-8.769696541384803,13.301184013524903,-0.6226169601221301
0.32150000000000023,-8.781009673591228,0.0,13.267669407577444,0.0,-0.626258718679793,0.0,-8.781009673591228,13.267669407577444,-0.626258718679793
0.32200000000000023,-8.792173834245858,0.0,13.236577875978469,0.0,-0.6298090659305302,0.0,-8.792173834245858,13.236577875978469,-0.6298090659305302
0.32250000000000023,-8.803076254097789,0.0,13.207680037159662,0.0,-0.6332682783717516,0.0,-8.803076254097789,13.207680037159662,-0.6332682783717516
0.32300000000000023,-8.81363121988835,0.0,13.180774307247304,0.0,-0.6366373977892295,0.0,-8.81363121988835,13.180774307247304,-0.6366373977892295
0.32350000000000023,-8.82377510084828,0.0,13.155682915848786,0.0,-0.6399180565423386,0.0,-8.82377510084828,13.155682915848786,-0.6399180565423386
0.32400000000000023,-8.833462227774248,0.0,13.132248544645961,0.0,-0.6431123346813621,0.0,-8.833462227774248,13.132248544645961,-0.6431123346813621
0.32450000000000023,-8.842661481562857,0.0,13.110331487574172,0.0,-0.6462226434331022,0.0,-8.842661481562857,13.110331487574172,-0.6462226434331022
0.32500000000000023,-8.851353471987267,0.0,13.089807248106979,0.0,-0.6492516305131062,0.0,-8.851353471987267,13.089807248106979,-0.6492516305131062
0.32550000000000023,-8.859528207410705,0.0,13.070564503113815,0.0,-0.6522021034896852,0.0,-8.859528207410705,13.070564503113815,-0.6522021034896852
0.32600000000000023,-8.867183172715727,0.0,13.052503374379796,0.0,-0.6550769680629003,0.0,-8.867183172715727,13.052503374379796,-0.6550769680629003
0.32650000000000023,-8.874321746542876,0.0,13.035533958566305,0.0,-0.6578791786521592,0.0,-8.874321746542876,13.035533958566305,-0.6578791786521592
0.32700000000000023,-8.880951900442824,0.0,13.019575074465195,0.0,-0.6606116991279691,0.0,-8.880951900442824,13.019575074465195,-0.6606116991279691
0.32750000000000024,-8.887085132134672,0.0,13.00455319313744,0.0,-0.663277471890062,0.0,-8.887085132134672,13.00455319313744,-0.663277471890062
0.32800000000000024,-8.892735593054482,0.0,12.99040152214235,0.0,-0.6658793938001253,0.0,-8.892735593054482,12.99040152214235,-0.6658793938001253
0.32850000000000024,-8.897919377036374,0.0,12.977059219755404,0.0,-0.6684202977313056,0.0,-8.897919377036374,12.977059219755404,-0.6684202977313056
0.32900000000000024,-8.902653942517418,0.0,12.964470718981715,0.0,-0.6709029387081529,0.0,-8.902653942517418,12.964470718981715,-0.6709029387081529
0.32950000000000024,-8.906957645283086,0.0,12.952585144441741,0.0,-0.6733299837867754,0.0,-8.906957645283086,12.952585144441741,-0.6733299837867754
0.33000000000000024,-8.910849362622827,111.3339026639608,12.941355807933178,158.57611357906927,-0.6757040049708465,-32.00815068097589,102.42305330133797,171.51746938700245,-32.683854685946734
0.33050000000000024,-7.778363347998322,89.19032561635848,2.371382187513916,168.61119583786402,17.047893030069886,-50.2931520449192,81.41196226836016,170.98257802537793,-33.24525901484932
0.33100000000000024,-6.026994640334863,65.80500243516349,-8.406028259557047,175.7496462379028,34.12139734633047,-67.56177687018047,59.778007794828625,167.34361797834575,-33.44037952385
0.33150000000000024,-3.8100108446000434,44.02164699881419,-19.13479675554504,182.874899132584,50.35605916861043,-83.95640045097167,40.21163615421415,163.74010237703897,-33.60034128236124
0.33200000000000024,-1.2497283089606128,23.726259169836577,-29.758750882700156,189.93149514662744,65.79352354392665,-99.51581402541893,22.476530860875965,160.17274426392729,-33.72229048149228
0.33250000000000024,1.5526746612836746,4.820770217730541,-40.230981567410595,196.87370077105027,80.46928284771812,-114.27345811641055,6.373444879014215,156.64271920363967,-33.80417526869243
0.33300000000000024,4.513709352733031,-12.780009290398823,-50.51246290749344,203.66392295370818,94.41386941129281,-128.25849899514813,-8.266299937665792,153.15146004621474,-33.84462958385532
0.33350000000000024,7.564699266353301,-29.15087489717895,-60.57089426149702,210.27140466335703,107.65384072884956,-141.49671316985908,-21.58617563082565,149.70051040186002,-33.84287244100952
0.33400000000000024,10.649376688623079,-44.35824699498751,-70.3797259827827,216.67114717531496,120.21259094901015,-154.0112115860154,-33.70887030636443,146.29142119253225,-33.79862063700526
0.33450000000000024,13.721873166594492,-58.46180476963766,-79.91733729863961,222.84301640227244,132.11101703702488,-165.82303017423112,-44.73993160304317,142.92567910363283,-33.71201313720624
0.33500000000000024,16.745037749006826,-71.51580285140284,-89.16634054339863,228.77099936767922,143.3680635207402,-176.95160913069003,-54.77076510239601,139.6046588242806,-33.58354560994982
0.33550000000000024,19.689028236098125,-83.57012663901821,-98.11299056332598,234.4425836576386,154.00116596061122,-187.4151797304865,-63.88109840292009,136.32959309431263,-33.41401376987528
0.33600000000000024,22.53013003220343,-94.67113287079115,-106.7466818526513,239.84823792921563,164.0266100957645,-197.23107444952285,-72.14100283858772,133.10155607656432,-33.20446435375834
0.33650000000000024,25.249764904609606,-104.86231428516912,-115.05951903169506,244.98097567977882,173.45982092094374,-206.41597361759457,-79.61254938055951,129.92145664808376,-32.95615269665083
0.33700000000000024,27.83365832396464,-114.18482078866683,-123.04594877628472,249.8359877659363,182.3155936666442,-214.98609967106506,-86.35116246470218,126.79003898965158,-32.67050600442087
0.33750000000000024,30.27113933792731,-122.67786417346485,-130.70244335887708,254.41033179820056,190.60827672359014,-222.9573682571297,-92.40672483553755,123.70788843932348,-32.349091533539564
0.33800000000000024,32.55455130502173,-130.3790289064171,-138.0272276497891,258.7026686724349,198.35191492001164,-230.34550391170947,-97.82447760139536,120.67544102264583,-31.993588991697834
0.33850000000000025,34.67875544713024,-137.32450769799993,-145.02004281824657,262.7130382375623,205.56036018133807,-237.16612674605165,-102.64575225086969,117.69299541931571,-31.605766564713576
0.33900000000000025,36.640712194937464,-143.5492773382615,-151.6819411209608,266.4426675211026,212.2473554391026,-243.43481549619236,-106.90856514332404,114.76072640014178,-31.187460057089766
0.33950000000000025,38.43912780611396,-149.0872275651596,-158.01510711379933,269.89380610085607,218.4265966768039,-249.16715138303502,-110.64809975904564,111.87869898705674,-30.74055470623111
0.34000000000000025,40.07415581776684,-153.97125343363427,-164.02270140492442,273.06958417012714,224.111777177619,-254.37874647206974,-113.89709761586744,109.04688276520272,-30.266969294450746
0.34050000000000025,41.547144624402904,-158.23331971923864,-169.7087237142739,275.97388963275336,229.31661734860154,-259.0852595877124,-116.68617509483573,106.26516591847945,-29.768642239110875
0.34100000000000025,42.86042390984028,-161.90450426561006,-175.07789253809233,278.611261213011,234.05488291808467,-263.30240230830844,-119.04408035576978,103.53336867491868,-29.247519390223772
0.34150000000000025,44.01712385561018,-165.01502582593565,-180.13553915787145,280.98679509857317,238.340393820107,-267.04593712730764,-120.99790197032547,100.85125594070172,-28.705543307200628
0.34200000000000025,45.02102204058406,-167.59426081632876,-184.88751409668498,283.10606307216074,242.1870256769417,-270.3316694997597,-122.5732387757447,98.21854897547576,-28.14464382281801
0.34250000000000025,45.87641377109793,-169.67075246051797,-189.34010442587646,284.9750404458781,245.60870545555588,-273.17543518903824,-123.79433868942004,95.63493602000165,-27.56672973348236
0.34300000000000025,46.58800226627608,-171.27221503172836,-193.4999605724854,286.6000424051787,248.6194025952454,-275.593084076349,-124.68421276545229,93.10008183269332,-26.973681481103597
0.34350000000000025,47.16080569333792,-172.4255352639692,-197.37403148191675,287.9876676084645,251.2331166725736,-277.6004613864784,-125.26472957063129,90.61363612654776,-26.3673447139048
0.34400000000000025,47.60007852216154,-173.15677248965386,-200.9695071588062,289.1447480829767,253.4638624782961,-279.2133871101097,-125.55669396749232,88.17524092417051,-25.749524631813586
0.34450000000000025,47.91124506370602,-173.4911586446272,-204.29376774819252,290.0783046159613,255.3256532225671,-280.44763425979085,-125.57991358092119,85.7845368677688,-25.121981037223748
0.34500000000000025,48.09984338668653,-173.45309894921374,-207.3543384342163,290.79550696866374,256.8324824538387,-281.3189064781454,-125.35325556252721,83.44116853444746,-24.4864240243067
0.34550000000000025,48.171478082461874,-173.06617381082083,-210.15884952901115,291.3036383451024,257.99830516879905,-281.8428154189157,-124.89469572835895,81.14478881609125,-23.844510250116628
0.34600000000000025,48.131780578775874,-172.3531422880431,-212.71500120380506,291.61006363236197,258.83701850152636,-282.0348582403677,-124.22136170926723,78.89506242855691,-23.197839738841367
0.34650000000000025,47.98637589653828,-171.33594729793276,-215.03053238050688,291.72220099812944,259.362442306489,-281.91039548351694,-123.34957140139448,76.69166861762255,-22.54795317702792
0.34700000000000025,47.74085490660957,-170.0357226284657,-217.113193357623,291.6474964874861,259.58829988936844,-281.484629552113,-122.29486772185612,74.53430312986308,-21.896329662744563
0.34750000000000025,47.40075128084459,-168.47280172998813,-218.97072179125303,291.39340130710104,259.5281990896508,-280.77258396533296,-121.07205044914355,72.42267951584802,-21.244384875682158
0.34800000000000025,46.97152244777266,-166.66672819638075,-220.61082169176848,290.96735152301096,259.19561387764986,-279.7890835160188,-119.69520574860809,70.35652983124248,-20.59346963836896
0.34850000000000025,46.458533961828664,-164.6362678037563,-222.04114513092145,290.3767499298021,258.6038665945403,-278.54873543567186,-118.17773384192765,68.33560479888064,-19.94486884113155
0.34900000000000025,45.867046778921065,-162.39942194733067,-223.2692763836335,289.6289498756014,257.76611093580385,-277.0659116411942,-116.5323751684096,66.3596734919679,-19.29980070539034
0.34950000000000025,45.20220700274899,-159.97344230234023,-224.30271825445277,288.7312408497916,256.6953157551937,-275.35473211657103,-114.77123529959124,64.42852259533885,-18.65941636137734
0.35000000000000026,44.4690377276371,-157.3748465293591,-225.14888036133516,287.69083565980605,255.40424974701205,-273.4290494646089,-112.905808801722,62.541955298470896,-18.024799717596864
0.35050000000000026,43.67243265637535,-154.61943484596972,-225.81506916956835,286.5148590402483,253.90546704848992,-271.3024346488345,-110.94700218959437,60.69978987067998,-17.396967600344567
0.35100000000000026,42.817151216972775,-151.72230729340447,-226.30847958675236,285.21033755247686,252.2112937907657,-268.98816393319635,-108.9051560764317,58.9018579657245,-16.776870142430653
0.35150000000000026,41.90781494146461,-148.69788153696896,-226.63618794614592,283.78419064616963,250.33381561589925,-266.4992070169233,-106.79006659550436,57.14800270002371,-16.165391401024067
0.35200000000000026,40.948904903863934,-145.55991105164657,-226.80514622064334,282.24322276637037,248.28486616817014,-263.84821635335,-104.61100614778263,55.43807654572703,-15.563350185179843
0.35250000000000026,39.94476004378089,-142.32150355816478,-226.82217732339632,280.5941164005495,246.07601656023576,-261.04751763454044,-102.37674351438389,53.771939077153206,-14.971501074304683
0.35300000000000026,38.89957622777297,-138.99513958938797,-226.69397136379735,278.84342597024886,243.71856580835396,-258.10910141778163,-100.095563361615,52.14945460645151,-14.390535609427673
0.35350000000000026,37.81740592266584,-135.59269108145276,-226.42708273934102,276.99757248122717,241.2235322255524,-255.04461586536706,-97.77528515878691,50.57048974188615,-13.821083639814674
0.35400000000000026,36.70215837433636,-132.125439898332,-226.0279279548547,275.06283885461534,238.60164575721137,-251.8653605653316,-95.42328152399563,49.03491089976063,-13.263714808120227
0.35450000000000026,35.55760020215564,-128.60409621204235,-225.50278407085557,273.0453658696083,235.86334123985853,-248.5822813978062,-93.04649600988671,47.542581798752735,-12.718940157947685
0.35500000000000026,34.387356333760806,-125.03881667337708,-224.85778769236254,270.95114865564756,233.0187525609353,-245.2059664093452,-90.65146033961628,46.09336096328502,-12.187213848409897
0.35550000000000026,33.19491121733847,-121.43922231973059,-224.09893441846043,268.7860336788945,230.07770769480697,-241.74664265579014,-88.24431110239212,44.68709926043408,-11.668934960983165
0.35600000000000026,31.983610259394368,-117.81441617710163,-223.23207868127645,266.5557161741913,227.04972458824562,-238.21417397294604,-85.83080591770727,43.32363749291483,-11.164449384700418
0.35650000000000026,30.75666144525144,-114.1730005228553,-222.26293391084846,264.26573797950203,223.9440078669731,-234.61805963344227,-83.41633907760387,42.002804068653575,-10.674051766469177
0.35700000000000026,29.517137107449457,-110.5230937841176,-221.1970729696361,261.92148573522877,220.76944633354117,-230.96743384760998,-81.00595667666815,40.72441276559266,-10.197987514068814
0.35750000000000026,28.26797581396454,-106.87234705397665,-220.03992880719056,259.5281894156303,217.53461122581172,-227.2710660659323,-78.60437124001211,39.48826060843976,-9.736454840120587
0.35800000000000026,27.01198435386823,-103.22796021388271,-218.79679529176633,257.09092116402377,214.24775520452766,-223.53736204063296,-76.21597586001448,38.29412587225744,-9.289606836105293
0.35850000000000026,25.751839802828783,-99.59669765594269,-217.47282818143492,254.61459440738918,210.9168120379237,-219.77436560415725,-73.84485785311391,37.14176622595426,-8.857553566233548
0.35900000000000026,24.490091654833293,-95.98490360321998,-216.07304620259424,252.10396322953864,207.54939695096547,-215.98976112267889,-71.49481194838668,36.030917026944394,-8.440364171713412
0.35950000000000026,23.22916400977431,-92.39851702976142,-214.60233220862597,249.56362198514464,204.15280760661443,-212.19087658330872,-69.16935301998711,34.96128977651867,-8.03806897669429
0.36000000000000026,21.971357809196434,-88.84308618499529,-213.06543439590644,246.99800513962649,200.73402568647424,-208.38468727432257,-66.87172837579885,33.93257074372005,-7.650661587848333
0.36050000000000026,20.718853114610226,-85.32378272939212,-211.46696755839162,244.41138732228353,197.2997190382562,-204.57782001850427,-64.6049296147819,32.944419763891915,-7.27810098024807
0.36100000000000027,19.473711424431258,-81.84541549004086,-209.81141436563723,241.80788358203148,193.85624435770023,-200.77655792053935,-62.371704065609606,31.996469216394246,-6.920313562839112
0.36150000000000027,18.237878026856436,-78.41244384598531,-208.10312665235404,239.1914498368384,190.409650372883,-196.9868455903321,-60.17456581912887,31.088323184484352,-6.577195217449116
0.36200000000000027,17.013184386903617,-75.02899075406191,-206.3463267104953,236.56588350927606,186.96568149923283,-193.21429480509167,-58.01580636715829,30.219556798780758,-6.248613305858839
0.36250000000000027,15.801350566472593,-71.69885542640947,-204.5451085774173,233.9348243418029,183.52978193402907,-189.464190574081,-55.89750485993687,29.389715764385613,-5.934408640051913
0.36300000000000027,14.603987676681697,-68.42552567109826,-202.70343931588513,231.30175538617218,180.10710015970074,-185.74149757098277,-53.82153799441656,28.59831607028704,-5.634397411282038
0.36350000000000027,13.422600361932268,-65.21218990723884,-200.82516028361704,228.67000416209686,176.70249382582426,-182.05086689994667,-51.78958954530657,27.84484387847982,-5.3483730741224065
0.36400000000000027,12.258589315200823,-62.06174886579502,-198.91398839170995,226.04274398069225,173.32053498036873,-178.39664316251094,-49.803159550594195,27.1287555889823,-5.076108182142207
0.36450000000000027,11.113253823978454,-58.97682698693411,-196.97351735266898,223.42299542853766,169.96551562142497,-174.78287179372808,-47.86357316295565,26.449478075868683,-4.817356172303107
0.36500000000000027,9.987794346106199,-55.959783524326106,-195.00721891990986,220.81362800832488,166.64145354138495,-171.21330663698524,-45.97198917821991,25.806409088415023,-4.571853095600289
0.36550000000000027,8.883315114514318,-53.0127233662747,-193.01844412152457,218.21736193209273,163.35209843630417,-167.69141772817176,-44.12940825176038,25.19891781056816,-4.339319291867582
0.36600000000000027,7.800826769586365,-50.13750758300394,-191.01042449181853,215.6367700629316,160.1009382539723,-164.22039926100686,-42.33668081341757,24.626345571113063,-4.119461007034573
0.36650000000000027,6.741249017554395,-47.33576370882039,-188.98627330467048,213.07428000090573,156.8912057550379,-160.80317770650643,-40.59451469126599,24.088006696235254,-3.91197195146853
0.36700000000000027,5.705413313004698,-44.60889576728087,-186.94898681313703,210.53217630869324,153.72588526237206,-157.4424200607289,-38.90348245427617,23.583189495556212,-3.7165347983568324
0.36750000000000027,4.694065563246539,-41.95809404689453,-184.9014454999508,208.01260287216087,150.6077195747126,-154.14054219608687,-37.26402848364799,23.111157372210073,-3.5328226213742653
0.36800000000000027,3.7078688519823118,-39.38434463432457,-182.8464153436612,205.5175653907808,147.53921702150026,-150.89971729265747,-35.67647578234226,22.671150047119596,-3.360500271157207
0.36850000000000027,2.7474061794213753,-36.888438711477505,-180.78654910514842,203.04893399248348,144.52265863669714,-147.72188432705283,-34.14103253205613,22.26238488733506,-3.1992256903556893
0.36900000000000027,1.8131832157120584,-34.470981622386034,-178.72438763912817,200.6084459671693,141.56010543026343,-144.60875659752944,-32.657798406673976,21.884058328041135,-3.0486511672660015
0.3695000000000003,0.9056310643276788,-32.132401715269324,-176.66236123506474,198.1977086127983,138.65340573685853,-141.56183026511337,-31.226770650941646,21.535347377733558,-2.908424528254841
0.3700000000000003,0.025109031839349427,-29.872958964737137,-174.60279099164154,195.81820218763602,135.80420262222137,-138.582392891603,-29.847849932897788,21.215411195994477,-2.778190269381639
0.3705000000000003,-0.8280925996580208,-27.69275337867221,-172.5478902286103,193.4712829619384,133.01394132857536,-135.67153195637488,-28.520845978330232,20.923392733328114,-2.6575906277995216
0.3710000000000003,-1.6537498013310028,-25.591733193974644,-170.49976593946042,191.15818636207766,130.2838767412866,-132.83014333496126,-27.245482995305647,20.65842042261724,-2.546266593674659
0.3715000000000003,-2.451702031559307,-23.56970286499862,-168.4604202879466,188.88003019986198,127.61508085988368,-130.05893972339064,-26.02140489655793,20.419609911915387,-2.4438588635069607
0.3720000000000003,-3.221849479065355,-21.62633084822082,-166.4317521510634,186.63781797959354,125.00845025741728,-127.3584589932807,-24.848180327286176,20.206065828530143,-2.350008735863426
0.3725000000000003,-3.964150319254145,-19.94650284118033,-164.415558710607,184.19236541442967,122.46471351299965,-124.68214633120031,-23.910653160434475,19.776806703822672,-2.2174328182006633
0.3730000000000003,-4.677253874409274,-18.9382488276145,-162.40061128325453,180.96551388548596,119.96092966727548,-121.8974257445102,-23.615502702023775,18.564902602231427,-1.9364960772347217
0.3735000000000003,-5.3577447140490335,-18.375229448204735,-160.34484913217455,177.08612170363529,117.42041819030572,-118.96240829167877,-23.732974162253768,16.74127257146074,-1.5419901013730453
0.3740000000000003,-6.0068021089282695,-17.80087570165303,-158.21444740661718,173.0285647487,114.787913546146,-115.92110892328577,-23.8076778105813,14.814117342082824,-1.1331953771397707
0.3745000000000003,-6.630548604071322,-16.522875435185938,-156.002414860631,169.69213623421038,112.06065715341009,-112.9472615687425,-23.15342403925726,13.689721373579374,-0.886604415332414
0.3750000000000003,-7.239464520494778,-14.747427228665504,-153.75080433580888,166.99187477470576,109.32413294481887,-110.09938687893467,-21.986891749160282,13.241070438896884,-0.7752539341157956
0.3755000000000003,-7.83819816302622,-12.690047436114114,-151.49626335709684,164.78814638340612,106.64571578594422,-107.40802775279177,-20.528245599140334,13.291883026309279,-0.7623119668475482
0.3760000000000003,-8.426995949613968,0.0,-149.26683582776104,0.0,104.07095389376167,0.0,-8.426995949613968,-149.26683582776104,104.07095389376167
0.3765000000000003,-10.005201730454303,53.61670952970981,-135.96921799243682,151.0471789005478,56.54879596745725,-62.432276469808926,43.611507799255506,15.077960908110981,-5.883480502351674
0.3770000000000003,-12.970246275051892,48.61323013223241,-133.03130997291953,150.47783874304844,58.784597148046544,-64.5507796152066,35.64298385718052,17.446528770128907,-5.76618246716005
0.3775000000000003,-15.269040747922674,44.5967797451703,-130.4764544089436,150.51642739863203,60.7519178124375,-66.50977678802064,29.32773899724763,20.039972989688437,-5.757858975583147
0.3780000000000003,-17.02485148900064,41.342598811370394,-128.27532671574772,151.08264801949355,62.53849634358265,-68.37999042032325,24.317747322369755,22.807321303745823,-5.841494076740602
0.3785000000000003,-18.33734741033163,38.213478679266004,-126.40356327764903,151.55189638366033,64.21536466263461,-70.12989326066374,19.876131268934373,25.148333106011307,-5.914528598029122
0.3790000000000003,-19.283273263799202,34.96530836016204,-124.81139205991974,151.6436306955798,65.79352516239778,-71.72377238191068,15.682035096362839,26.832238635660048,-5.930247219512893
0.3795000000000003,-19.92496780193045,31.65993937877336,-123.44116630104111,151.39500283704677,67.25731091697186,-73.15111936649352,11.73497157684291,27.953836536005667,-5.893808449521657
0.3800000000000003,-20.315928858566622,28.363888806124717,-122.24343293662218,150.85574849177925,68.59337928508877,-74.40625048310068,8.047959947558095,28.612315555157068,-5.812871198011905
0.3805000000000003,-20.502180714583062,25.28491649272687,-121.17670769316243,150.26339647684458,69.79202474313189,-75.51846034967953,4.78273577814381,29.08668878368215,-5.726435606547639
0.3810000000000003,-20.524524443221537,22.463209933866818,-120.21661888066342,149.69184971410888,70.86335683133946,-76.50966640190913,1.9386854906452804,29.475230833445465,-5.64630957056967
0.3815000000000003,-20.41738252914692,19.868008410464927,-119.34630510125362,149.13606602425241,71.82208439964708,-77.39314236568985,-0.5493741186819925,29.789760922998795,-5.571057966042773
0.3820000000000003,-20.209058603179557,17.47346550074492,-118.55155846630254,148.59182366708927,72.68052362197352,-78.18003733339151,-2.7355931024346383,30.040265200786735,-5.49951371141799
0.3825000000000003,-19.922792594124388,15.257800839902792,-117.82038197312175,148.05558040771805,73.4490128066658,-78.8797448800386,-4.664991754221596,30.2351984345963,-5.430732073372795
0.3830000000000003,-19.577634411996144,13.202600134109279,-117.14262316600457,147.5243593964107,74.13625591366173,-79.50020855973611,-6.375034277886865,30.38173623040612,-5.363952646074381
0.3835000000000003,-19.18916748147032,11.29223719479834,-116.509670741673,146.99565636381374,74.74960696474784,-80.04817467314098,-7.8969302866719815,30.48598562214073,-5.298567708393136
0.3840000000000003,-18.770107991752724,9.513396522397287,-115.91420312758987,146.46736384466482,75.2953054453786,-80.52940133074588,-9.256711469355437,30.553160717074945,-5.234095885367282
0.3845000000000003,-18.330801243004657,7.854678827329721,-115.34997999838288,145.93770906595682,75.7786710697143,-80.94883129265928,-10.476122415674936,30.587729067573946,-5.170160222944972
0.3850000000000003,-17.879632772806104,6.3062750142929715,-114.81166928300553,145.40520284381267,76.2042648511121,-81.31073478702417,-11.573357758513133,30.593533560807145,-5.106469935912074
0.3855000000000003,-17.423368896048828,4.859696716407459,-114.29470351871043,144.86859738117926,76.57602223622074,-81.61882745000123,-12.563672179641369,30.57389386246882,-5.042805213780497
0.3860000000000003,-16.967438772406155,3.5075535609710826,-113.7951604798456,144.3268512851883,76.89736307943686,-81.87636765236176,-13.459885211435072,30.53169080534269,-4.979004572924907
0.3865000000000003,-16.516168032991402,2.243369066853589,-113.30966389217338,143.7791004576504,77.17128242074408,-82.08623674992626,-14.272798966137813,30.469436565477025,-4.91495432918218
0.3870000000000003,-16.07297227514124,1.0614284855076725,-112.8353007709992,143.22463377608852,77.40042535501773,-82.25100519154206,-15.011543789633567,30.389333005089327,-4.850579836524332
0.3875000000000003,-15.640517308507697,-0.04334694034112374,-112.36955252165853,142.6628726920559,77.58714872093393,-82.372986917721,-15.68386424884882,30.29332017039738,-4.7858381967870685
0.3880000000000003,-15.22085185515914,-1.0755038685731861,-111.91023743645957,142.09335404030773,77.73357187300323,-82.4542840678301,-16.296355723732326,30.183116603848163,-4.7207121948268735
0.3885000000000003,-14.815517428675292,-2.039142678235862,-111.45546263150845,141.51571548596624,77.84161841468233,-82.49682366928492,-16.854660106911155,30.060252854457786,-4.655205254602592
0.3890000000000003,-14.425639307263367,-2.9379883444943786,-111.0035838051042,140.92968314406423,77.91305045053709,-82.50238769642742,-17.363627651757746,29.92609933896003,-4.589337245890334
0.3895000000000003,-14.052001844824304,-3.7754489545180547,-110.55317147901087,140.3350609923853,77.94949664986189,-82.47263764971837,-17.82745079934236,29.781889513374438,-4.52314099985648
0.3900000000000003,-13.695110807793668,-4.554664005122451,-110.10298261512708,139.7317217683835,77.95247519376134,-82.40913460918877,-18.24977481291612,29.62873915325642,-4.456659415427424
0.3905000000000003,-13.35524496473667,-5.278544254235445,-109.65193669129388,139.11959909764016,77.92341249477907,-82.313355552945,-18.633789218972115,29.467662406346278,-4.389943058165926
0.3910000000000003,-13.03249877375913,-5.949804593124888,-109.1990954781482,138.49868064732854,77.86365842635516,-82.18670659617288,-18.982303366884018,29.299585169180347,-4.323048169817724
0.3915000000000003,-12.726817696290539,-6.57099115379485,-108.74364588977448,137.86900213552804,77.77449867341781,-82.03053369379704,-19.29780885008539,29.12535624575355,-4.25603502037923
0.3920000000000003,-12.438027403501593,-7.144503656807025,-108.28488538915008,137.23064205776663,77.6571647108721,-81.84613125682677,-19.582531060308618,28.945756668616553,-4.1889665459546706
0.3925000000000003,-12.165857924262326,-7.672613831662858,-107.82220951893157,136.58371701699673,77.5128418300051,-81.63474905515878,-19.838471755925184,28.761507498065157,-4.121907225153677
0.3930000000000003,-11.909963603436609,-8.157480598466833,-107.35510120222045,135.92837756352296,77.34267556084997,-81.39759771553344,-20.06744420190344,28.573276361302504,-4.054922154683467
0.3935000000000003,-11.669939590074137,-8.601162580814691,-106.88312151923833,135.26480446799135,77.14777677883308,-81.13585307019642,-20.271102170888827,28.381682948753024,-3.988076291363342
0.3940000000000003,-11.445335451418515,-9.005628421481635,-106.40590171654782,134.59320536410826,76.92922573448386,-80.85065956773936,-20.45096387290015,28.18730364756044,-3.9214338332554917
0.3945000000000003,-11.235666406218144,-9.372765290974272,-105.92313624740552,133.91381170887365,76.6880752038829,-80.54313292104533,-20.608431697192415,27.99067546146813,-3.855057717162424
0.3950000000000003,-11.040422585975705,-9.704385911531084,-105.43457667652757,133.22687601717618,76.42535292342838,-80.21436213694435,-20.74480849750679,27.79229934064861,-3.7890092135159676
0.3955000000000003,-10.859076662492186,-10.002234363213766,-104.9400263112488,132.53266933507365,76.14206344421387,-79.86541104705661,-20.86131102570595,27.59264302382485,-3.723347602842736
0.3960000000000003,-10.691090121852966,-10.267990892435805,-104.43933544479228,131.8314789221512,75.83918951785128,-79.49731943844787,-20.95908101428877,27.39214347735893,-3.6581299205965934
0.3965000000000003,-10.535918416802389,-10.503275904897666,-103.93239711699346,131.123606118366,75.51769310610973,-79.11110386544682,-21.039194321700055,27.191209001372556,-3.5934107593370896
0.3970000000000003,-10.393015189539256,-10.709653293137436,-103.41914331405405,130.40936437486903,75.17851609060283,-78.70775820963591,-21.10266848267669,26.990221060814974,-3.5292421190330856
0.3975000000000003,-10.261835723919802,-10.888633222579315,-102.89954154231987,129.68907743166142,74.82258074536703,-78.28825404315158,-21.150468946499117,26.78953588934155,-3.465673297784548
0.3980000000000003,-10.141839758697671,-11.041674478179687,-102.37359172216816,128.96307762769715,74.45079002407307,-77.85354084057808,-21.183514236877357,26.58948590552899,-3.402750816505005
0.3985000000000003,-10.032493770784498,-11.17018645572388,-101.84132335726213,128.23170433130076,74.0640277044039,-77.40454607655411,-21.202680226508377,26.390380974038635,-3.340518372150214
0.3990000000000003,-9.933272818771911,-11.27553086691156,-101.3027929420046,127.49530248059841,73.66315842449906,-76.94217523943885,-21.20880368568347,26.19250953859381,-3.2790168149397942
0.3995000000000003,-9.843662021442555,-11.359023214969866,-100.75808157628751,126.75422122523105,73.2490276400297,-76.46731178578375,-21.20268523641242,25.99613964894354,-3.2182841457540547
0.4000000000000003,-9.76315773316341,-11.42193408734719,-100.20729276180407,126.0088126618066,72.82246152522461,-75.98081705569763,-21.1850918205106,25.801519900002532,-3.158355530473017
0.4005000000000003,-9.69126846743194,-11.46549030354739,-99.65055035846723,125.25943065661889,72.3842668368113,-75.48353016535118,-21.15675877097933,25.60888029815166,-3.0992633285398767
0.4010000000000003,-9.627515611058811,-11.490875949192933,-99.08799668300463,124.50642974996133,71.9352307562319,-74.97626788966824,-21.118391560251744,25.418433066956695,-3.0410371334363333
0.4015000000000003,-9.571433964201503,-11.49923332159473,-98.51979073471534,123.75016413709969,71.47612072250165,-74.45982454562188,-21.070667285796233,25.230373402384345,-2.983703823120237
0.4020000000000003,-9.522572135448996,-11.491663807356794,-97.94610653578104,122.99098672149313,71.00768426560505,-73.93497188435832,-21.01423594280579,25.04488018571209,-2.927287618753269
0.4025000000000003,-9.4804928161833,-11.46922870859369,-97.36713157550838,122.229248236331,70.53064884827094,-73.40245899856828,-20.94972152477699,24.862116660822622,-2.8718101502973354
0.4030000000000003,-9.44477295433029,-11.432950031051334,-96.78306534951986,121.46529643088081,70.04572172227074,-72.86301225003876,-20.877722985381624,24.682231081360953,-2.817290527768023
0.4035000000000003,-9.415003844207547,-11.383811244806076,-96.19411798626288,120.69947531838048,69.5535898039833,-72.31733522107376,-20.798815089013623,24.505357332117597,-2.763745417090462
0.4040000000000003,-9.390791146363995,-11.322758025940239,-95.60050895432153,119.93212448255065,69.05491957280476,-71.76610869246753,-20.713549172304234,24.331615528229122,-2.7111891196627624
0.4045000000000003,-9.371754848976565,-11.250698985822702,-95.00246584493738,119.16357843997672,68.55035699502841,-71.20999064987362,-20.622453834799266,24.16111259503934,-2.6596336548452086
0.4050000000000003,-9.357529180443976,-11.16850639311658,-94.40022322490415,118.39416605580087,68.04052747502794,-70.64961631972554,-20.526035573560556,23.993942830896714,-2.6090888446975953
0.4055000000000003,-9.34776248122435,-11.077016892414608,-93.79402155562786,117.62421001032895,67.52603583492802,-70.0855982353062,-20.42477937363896,23.830188454701087,-2.5595624003781694
0.4060000000000003,-9.342117041645366,-10.977032222413388,-93.18410617465992,116.85402631426892,67.00746632341428,-69.51852633310126,-20.319149264058755,23.669920139609005,-2.511060009686986
0.4065000000000003,-9.340268911323562,-10.869319935711335,-92.57072633643878,116.08392387044688,66.48538265389665,-68.94896807920219,-20.209588847034897,23.5131975340081,-2.4635854253055385
0.4070000000000003,-9.341907684927321,-10.754614121675438,-91.95413430932439,115.31420407991592,65.96032807188607,-68.37746862522118,-20.09652180660276,23.360069770591537,-2.4171405533351162
0.4075000000000003,-9.346736268268103,-10.633616133258975,-91.33458452630458,114.54516049048641,65.43282545115463,-67.80455099294184,-19.980352401527078,23.210575964181828,-2.371725541787214
0.4080000000000003,-9.354470628086148,-10.506995318262806,-90.71233278698907,113.77707848573424,64.9033774180183,-67.2307162867329,-19.861465946348954,23.06474569874517,-2.3273388687146053
0.4085000000000003,-9.364839528380372,-10.375389755146205,-90.08763550870702,113.01023501265364,64.37246650289273,-66.6564439326092,-19.740229283526578,22.922599503946614,-2.2839774297164723
0.4090000000000003,-9.377584255706324,-10.239406993250515,-89.46074902469019,112.24489834614845,63.84055531812892,-66.08219194270397,-19.61699124895684,22.78414932145826,-2.241636624575051
0.4095000000000003,-9.39245833551081,-10.099624797089369,-88.83192892745808,111.48132788859742,63.30808676101914,-65.50839720382733,-19.49208313260018,22.64939896113934,-2.2003104428081883
0.4100000000000003,-9.409227241275374,-9.956591894159772,-88.20142945563862,110.7197740028244,62.77548424077557,-64.935475788732,-19.365819135435146,22.518344547185777,-2.1599915479564373
0.4105000000000003,-9.427668097995394,-9.81082872565508,-87.56950292255169,109.9604778767827,62.24315192822209,-64.36382328865385,-19.238496823650472,22.390974954231012,-2.120671360431757
0.4110000000000003,-9.447569381314935,-9.662828199316637,-86.9363991849637,109.2036714183694,61.711475026890426,-63.79381516567766,-19.11039758063157,22.26727223340569,-2.082340138787231
0.4115000000000003,-9.468730613464828,-9.513056443640096,-86.3023651504896,108.44957717877277,61.180820064185724,-63.22580712346043,-18.981787057104924,22.147212028283164,-2.0449870592747033
0.4120000000000003,-9.49096205700701,-9.361953562578398,-85.66764432217832,107.69840830283246,60.651535201266626,-62.660135494847395,-18.85291561958541,22.030763980654143,-2.00860029358077
0.4125000000000003,-9.514084407265415,-9.209934389869105,-85.0324763788646,106.95036850491594,60.12395056028198,-62.09711764492545,-18.72401879713452,21.917892126051342,-1.973167084643464
0.4130000000000003,-9.537928484220402,-9.057389242117402,-84.39709678991699,106.20565206883325,59.5983785676091,-61.53705238807012,-18.595317726337804,21.80855527891626,-1.9386738204610197
0.4135000000000003,-9.562334924555472,-8.904684669728564,-83.76173646304812,105.46444387040114,59.075114311748735,-60.980220417576355,-18.467019594284036,21.702707407353017,-1.9051061058276204
0.4140000000000003,-9.587153874471,-8.752164204840124,-83.12662142388888,104.72691942123969,58.554435914552386,-60.426884746481214,-18.339318079311123,21.600297997350808,-1.8724488319288284
0.4145000000000003,-9.612244683812747,-8.600149105384332,-82.49197252605819,103.99324493247715,58.03660491447866,-59.87729115822954,-18.21239378919708,21.501272406418963,-1.8406862437508806
0.4150000000000003,-9.637475602009715,-8.448939094457472,-81.85800519048951,103.26357739703563,57.521866660603735,-59.33166866586382,-18.086414696467187,21.405572206546125,-1.8098020052600887
0.4155000000000003,-9.662723476265313,-8.298813094190209,-81.2249291728013,102.5380646892323,57.0104507161423,-58.79022997846531,-17.96153657045552,21.313135516431004,-1.7797792623230109
0.4160000000000003,-9.687873452404148,-8.1500299533459,-80.59294835752348,101.8168456804564,56.5025712702695,-58.25317197361193,-17.837903405750048,21.223897322932913,-1.7506007033424282
0.4165000000000003,-9.712818678738586,-8.002829167905446,-79.96226057801653,101.10005036972862,55.99842755707081,-57.72067617466695,-17.715647846644032,21.137789791712095,-1.7222486175961365
0.4170000000000003,-9.73746001328567,-7.857431593952871,-79.333057460943,100.38780002795646,55.49820428048665,-57.192909231750576,-17.59489160723854,21.054742567013463,-1.6947049512639296
0.4175000000000003,-9.761705734635683,-7.714040152167868,-78.70552429417347,99.68020735479877,55.00207204415521,-56.67002340530582,-17.47574588680355,20.974683060625296,-1.6679513611506067
0.4180000000000003,-9.785471256745325,-7.573061458590804,-78.07983991703156,98.97705437492887,54.51018778510375,-56.15210313951394,-17.35853271533613,20.897214457897306,-1.6419153544101874
0.4185000000000003,-9.808676852770589,-7.4381732342623295,-77.4561593991977,98.27324543962693,54.0226672135105,-55.63838214798113,-17.246850087032918,20.81708604042923,-1.6157149344706312
0.4190000000000003,-9.831218882552434,-7.3096118481763295,-76.8343541209232,97.56756206226814,53.53916612056079,-55.12833905500019,-17.140830730728766,20.733207941344943,-1.5891729344393966
0.4195000000000003,-9.85301896265679,-7.186160098433572,-76.21422842538658,96.8607378973717,53.05927003691251,-54.62171770004646,-17.039179061090362,20.646509471985127,-1.562447663133952
0.4200000000000003,-9.87403529333585,-7.066791043137899,-75.59562812727148,96.15349963231053,52.582671410506975,-54.118356165840765,-16.940826336473748,20.557871505039046,-1.53568475533379
0.4205000000000003,-9.894251870783307,-6.950645624433946,-74.9784407849993,95.44656660535667,52.10915663198345,-53.618174894924195,-16.844897495217253,20.468125820357372,-1.5090182629407423
0.4210000000000003,-9.91367000202942,-6.8370137112285185,-74.3625952809893,94.74064928901299,51.638594576078276,-53.12116599790186,-16.75068371325794,20.378054008023696,-1.482571421823586
0.4215000000000003,-9.932301687792034,-6.725317864341168,-73.7480608094441,94.0364468880146,51.17092635520564,-52.62738352544653,-16.657619552133202,20.288386078570497,-1.4564571702408955
0.4220000000000003,-9.95016452116127,-6.615099256923166,-73.1348453561032,93.33464427672394,50.706156046454936,-52.13693452938886,-16.565263778084436,20.199798920620736,-1.430778482933924
0.4225000000000003,-9.967277816649556,-6.506005290458791,-72.5229937433192,92.63590847925806,50.24434220695804,-51.64997078202778,-16.473283107108347,20.11291473593886,-1.4056285750697413
0.4230000000000003,-9.983659737896033,-6.397778536671112,-71.91258530581314,91.9408848762302,49.78559003690208,-51.16668105861508,-16.381438274567145,20.02829957041706,-1.3810910217130044
0.4235000000000003,-9.99932523560804,-6.290246711402979,-71.30373125677636,91.25019330347388,49.33004408589487,-50.68728391695017,-16.28957194701102,19.94646204669752,-1.3572398310553027
0.4240000000000003,-10.014284642143991,-6.183313450417767,-70.69657179998671,90.56442418999215,48.877881428121015,-50.21202093111333,-16.19759809256176,19.86785239000544,-1.3341395029923149
0.4245000000000003,-10.028542797115279,-6.076949711018727,-70.09127304073593,89.88413486418318,48.42930525571903,-49.741150354352264,-16.105492508134006,19.792861823447254,-1.3118450986332348
0.4250000000000003,-10.042098600834152,-5.971185668817881,-69.48802374620647,89.20984613902917,47.984538858840864,-49.27494119968525,-16.013284269652033,19.721822392822702,-1.2904023408443877
0.4255000000000003,-10.054944910445442,-5.866103017029143,-68.88703200411254,88.54203926841112,47.54381997557998,-48.81366773649639,-15.921047927474586,19.655007264298575,-1.269847760916413
0.4260000000000003,-10.067068708037368,-5.761827607241486,-68.2885218266652,87.88115334807385,47.107395505934775,-48.35760440778316,-15.828896315278854,19.59263152140865,-1.2502089018483815
0.4265000000000003,-10.078451481656515,-5.658522396324962,-67.6927297450174,87.22758321646839,46.67551659169885,-47.90702117630495,-15.736973877981477,19.534853471450987,-1.2315045846060997
0.4270000000000003,-10.089069769543926,-5.556380684753673,-67.09990143715407,86.58167789268853,46.24843406910375,-47.46217930907688,-15.645450454297599,19.481776455534458,-1.2137452399731288
0.4275000000000003,-10.098895825542314,-5.455619647482997,-66.51028842961068,85.94373957165301,45.82639430357659,-47.02332760893607,-15.554515473025312,19.43345114204233,-1.1969333053594795
0.4280000000000003,-10.107898369886414,-5.356474170210568,-65.92414491040341,85.31402318067352,45.40963541652418,-46.59069909965966,-15.464372540096981,19.389878270270103,-1.181063683135477
0.4285000000000003,-10.116043394791177,-5.259191011807566,-65.34172468712285,84.69273648694688,44.998383912977886,-46.16450816772025,-15.375234406598743,19.351011799824036,-1.166124254742364
0.4290000000000003,-10.123294998641171,-5.16402331836208,-64.7632783203257,84.08004073255098,44.59285171657869,-45.744948159578726,-15.287318317003251,19.316762412225287,-1.1520964430000333
0.4295000000000003,-10.129616226350777,-5.071225516033298,-64.18905045820884,83.47605176249093,44.19323361507887,-45.332189428768295,-15.200841742384075,19.287001304282086,-1.138955813689428
0.4300000000000003,-10.134969896763124,-4.981048609355721,-63.61927739415148,82.88084160215038,43.799705115592815,-44.926377822175084,-15.116018506118845,19.2615642079989,-1.1266727065822693
0.4305000000000003,-10.139319400888184,-4.893735908946283,-63.05418486416352,82.29444043355895,43.41242070451062,-44.52763359016262,-15.033055309834467,19.24025556939543,-1.1152128856519994
0.4310000000000003,-10.142629457436783,-4.80951920850811,-62.49398609667247,81.7168389147374,43.03151250255644,-44.13605070066912,-14.952148665944893,19.222852818064922,-1.104538198112678
0.4315000000000003,-10.144866814541558,-4.728615425624486,-61.93888012252762,81.14799078348317,42.657089301123264,-43.75169653336484,-14.873482240166044,19.209110660955545,-1.0946072322415787
0.43200000000000033,-10.14600088880303,-4.651223714867687,-61.38905034869373,80.58781568563175,42.289235961947696,-43.374611926439954,-14.797224603670717,19.198765336938024,-1.0853759644922576
0.43250000000000033,-10.146004334885816,-4.5775230552482356,-60.844663394933434,80.03620216836094,41.92801315851929,-43.004811545753086,-14.723527390134052,19.19153877342751,-1.0767983872337936
0.43300000000000033,-10.144853540826716,-4.507670307459335,-60.30586818891493,79.49301078107399,41.57345743447769,-42.64228454392413,-14.652523848286052,19.187142592159063,-1.0688271094464383
0.43350000000000033,-10.142529046005052,-4.441798730055096,-59.772795311699895,78.9580772295072,41.22558155170016,-42.28699547551278,-14.584327776060148,19.185281917807302,-1.0614139238126228
0.43400000000000033,-10.139015880368959,-4.380016937706969,-59.2455565825,78.43121553292804,40.88437509886022,-41.9388854336984,-14.519032818075928,19.185658950428035,-1.0545103348381843
0.43450000000000033,-10.13430382500016,-4.322408279321198,-58.724244868987626,77.91222113920288,40.54980532996319,-41.597873373812085,-14.456712104321358,19.18797627021526,-1.0480680438488932
0.43500000000000033,-10.128387595435584,-4.269030609157575,-58.208934107306675,77.40087395794282,40.221818201721845,-41.26385758961808,-14.397418204593158,19.191939850636146,-1.0420393878962315
0.43550000000000033,-10.121266950337372,-4.219916420253252,-57.69967951427503,76.89694127766634,39.90033957858881,-40.936717309334206,-14.341183370590624,19.19726176339131,-1.036377730745393
0.43600000000000033,-10.112946729112451,-4.1750733064606464,-57.196517973069035,76.40018053875782,39.58527657476486,-40.616314379938856,-14.288020035573098,19.203662565688788,-1.0310378051739946
0.43650000000000033,-10.103436822929666,-4.134484717274802,-56.6994685729328,75.91034193978437,39.27651900349173,-40.30249501025912,-14.237921540204468,19.210873366851573,-1.0259760067673938
0.43700000000000033,-10.092752084265754,-4.0981109684366075,-56.20853328311517,75.4271708601455,38.97394090534722,-39.99509154555938,-14.190863052702362,19.21863757703032,-1.0211506402121628
0.43750000000000033,-10.08091218063575,-4.065890470682072,-55.723697741270485,74.95041008742785,38.67740212900209,-39.693924248835636,-14.146802651317822,19.22671234615737,-1.016522119833546
0.43800000000000033,-10.067941398538863,-4.037741139427634,-55.24493213693188,74.47980184239533,38.386749939925366,-39.3988030665979,-14.105682537966498,19.234869705463453,-1.0120531266725337
0.43850000000000033,-10.053868403880301,-4.013561948982044,-54.77219217131983,74.01508959898126,38.1018206347302,-39.10952935961352,-14.067430352862345,19.242897427661433,-1.0077087248833152
0.43900000000000033,-10.038725965230412,-3.9932345963962277,-54.30542007564378,73.55601970035895,37.82244114119584,-38.8258975817606,-14.03196056162664,19.250599624715164,-1.0034564405647615
0.43950000000000033,-10.022550646262488,-3.976625242039148,-53.84454567114824,73.10234277534734,37.548430586405786,-38.54769689277141,-13.999175888301636,19.2577971041991,-0.9992663063656266
0.44000000000000034,-10.005382473586707,-3.963586296235732,-53.38948745538681,72.65381496219287,37.27960181784843,-38.274712693201295,-13.968968769822439,19.264327506806055,-0.9951108753528644
0.44050000000000034,-9.98726458598054,-3.953958223977917,-52.94015370055797,72.21019894883824,37.01576286470177,-38.00672807236398,-13.941222809958457,19.27004524828027,-0.9909652076622066
0.44100000000000034,-9.968242870723486,-3.947571342473992,-52.496443551141454,71.77126484050557,36.75671832880616,-37.743525162233624,-13.915814213197478,19.274821289364112,-0.9868068334274653
0.44150000000000034,-9.948365592388882,-3.9442475891957933,-52.05824810951742,71.33679086666682,36.50227069700145,-37.48488639240091,-13.892613181584675,19.278542757149395,-0.9826156953994598
0.44200000000000034,-9.927683019041154,-3.9438022410660984,-51.62545149969276,70.9065639402144,36.25222156853589,-37.23059564304435,-13.871485260107253,19.28111244052164,-0.9783740745084657
0.44250000000000034,-9.906247050347162,-3.9460455682872038,-51.197931900671506,70.48038008217678,36.00637279312035,-36.98043929457905,-13.852292618634365,19.282448181505274,-0.9740665014587009
0.44300000000000034,-9.8841108516485,-3.950784409215135,-50.77556254237453,70.05804472535145,35.76452751690178,-36.734207174113926,-13.834895260863636,19.28248218297692,-0.9696796572121471
0.44350000000000034,-9.861328497565268,-3.9578236553198707,-50.35821265830907,69.63937291019127,35.526491135140134,-36.49169340014766,-13.819152152885138,19.2811602518822,-0.9652022650075267
0.44400000000000034,-9.837954628226498,-3.9669676378860395,-49.945748390409335,69.22418938582891,35.29207215171361,-36.25269712801068,-13.804922266112538,19.278440995419572,-0.9606249762970691
0.44450000000000034,-9.814044120750225,-3.9780214104517775,-49.53803364259386,68.81232862860217,35.06108294672666,-36.017023199467495,-13.792065531202002,19.274294986008314,-0.955940252740838
0.44500000000000034,-9.789651778140438,-3.990791923094399,-49.13493088061176,68.4036347898326,34.83334045447401,-35.78448270063402,-13.780443701234837,19.268703909220832,-0.9511422461600105
0.44550000000000034,-9.764832037331189,-4.005089086723945,-48.736301876680045,67.99796158365554,34.60866675483291,-35.55489343290985,-13.769921124055134,19.261659706975493,-0.9462266780769397
0.44600000000000034,-9.739638697695597,-4.020726727121158,-48.34200839822876,67.59517212505116,34.38688958180185,-35.32808030207448,-13.760365424816754,19.253163726822407,-0.9411907202726297
0.44650000000000034,-9.714124670955442,-4.0375234300748275,-47.95191284079823,67.19513872714306,34.16784275342499,-35.10387563095942,-13.75164810103027,19.24322588634483,-0.93603287753443
0.44700000000000034,-9.688341753073672,-4.055303280167461,-47.56587880574398,66.79774266603789,33.95136652771272,-34.88211940129571,-13.743645033241133,19.231863860293913,-0.9307528735829891
0.44750000000000034,-9.662340418395104,-4.073896496871626,-47.183771623933694,66.40287392049096,33.737307889432344,-34.66265943039045,-13.73623691526673,19.219102296557267,-0.9253515409581041
0.44800000000000034,-9.636169636014586,-4.093139972440394,-46.805458827050245,66.01043089286053,33.52552077279253,-34.44535148827413,-13.72930960845498,19.20497206581028,-0.919830715481595
0.44850000000000034,-9.609876708102632,-4.11287771681746,-46.43081056846427,65.620320116863,33.31586622510932,-34.23005936084835,-13.722754424920092,19.189509548398732,-0.9141931357390334
0.44900000000000034,-9.583507129701246,-4.132961215223096,-46.05969999591059,65.23245595693987,33.10821251651561,-34.01665486441669,-13.716468344924342,19.17275596102928,-0.9084423479010795
0.44950000000000034,-9.557104469319682,-4.153249704495831,-45.69200357840214,64.84676030319315,32.902435200693986,-33.805017816758195,-13.710354173815514,19.154756724791014,-0.9025826160642083
0.45000000000000034,-9.530710269506358,-4.17361037443969,-45.327601389955134,64.46316226520027,32.69841713146482,-33.59503596965611,-13.704320643946048,19.135560875245133,-0.8966188381912872
0.45050000000000034,-9.504363966452189,-4.193918500529225,-44.9663773527775,64.08159786737482,32.496048439872,-33.38660490751374,-13.698282466981414,19.115220514597326,-0.8905564676417441
0.45100000000000035,-9.478102827583655,-4.2140575143305075,-44.60821944260954,63.70200974793305,32.29522647618596,-33.179627916382074,-13.692160341914162,19.09379030532351,-0.8844014401961147
0.45150000000000035,-9.451961906034711,-4.233919017845485,-44.253019858893765,63.324346863082724,32.095855720987686,-32.974015827417276,-13.685880923880196,19.07132700418896,-0.8781601064295899
0.45200000000000035,-9.425974010840207,-4.253402747873437,-43.90067516241112,62.94856419751119,31.897847669231368,-32.76968683845406,-13.679376758713644,19.04788903510007,-0.8718391692226888
0.45250000000000035,-9.40016969166652,-4.2724164961660165,-43.55108638294587,62.57462248197181,31.701120690896758,-32.56656631707258,-13.672586187832536,19.02353609902594,-0.8654456261758199
0.45300000000000035,-9.374577236887149,-4.29087599091817,-43.20415909944745,62.2024879183646,31.505599871559653,-32.36458658821467,-13.665453227805319,18.998328818917145,-0.8589867166550178
0.45350000000000035,-9.349222683819505,-4.3087047447922,-42.859803495046094,61.8321319124626,31.311216835920746,-32.163686709100425,-13.657927428611705,18.972328417416506,-0.8524698731796789
0.45400000000000035,-9.324129839958886,-4.325833874316334,-42.51793438914933,61.46353081421935,31.11790955705051,-31.963812233905934,-13.64996371427522,18.945596425070015,-0.8459026768554239
0.45450000000000035,-9.29932031407975,-4.34220189512698,-42.178471248715425,61.09666566543042,30.925622153835896,-31.76491497038701,-13.64152220920673,18.918194416714996,-0.8392928165511151
0.45500000000000035,-9.274813556115816,-4.357754497166363,-41.84133818065828,60.73152195436535,30.73430467885389,-31.566952730373163,-13.63256805328218,18.890183773707065,-0.8326480515192749
0.45550000000000035,-9.250626904779153,-4.372444303545322,-41.506463907195325,60.36808937693135,30.54391289864816,-31.369889075818904,-13.623071208324475,18.861625469736026,-0.8259761771707446
0.45600000000000035,-9.22677564193441,-4.386230616439004,-41.17378172581215,60.006361603834506,30.35440806815621,-31.17369306187757,-13.613006258373414,18.832579878022358,-0.8192849937213609
0.45650000000000035,-9.203273052802672,-4.399079152980237,-40.84322945537696,59.64633605324182,30.16575670081759,-30.97833897827126,-13.602352205782909,18.80310659786486,-0.8125822774536715
0.45700000000000035,-9.18013049113054,-4.41096177382763,-40.51474936980799,59.288013668361884,29.977930335702325,-30.78380609004241,-13.59109226495817,18.773264298553897,-0.8058757543400858
0.45750000000000035,-9.157357448523783,-4.421856206710119,-40.18828812056995,58.93139869945608,29.79090530281661,-30.590078378622536,-13.579213655233902,18.74311057888613,-0.7991730758059248
0.45800000000000035,-9.134961627207076,-4.431745766957059,-39.86379664915836,58.576498489813495,29.60466248758621,-30.397144284015177,-13.566707394164135,18.712701840655136,-0.7924817964289659
0.45850000000000035,-9.112949015533331,-4.440619076765708,-39.54123009062221,58.2233232652387,29.419187095378078,-30.20499644876459,-13.55356809229904,18.68209317461649,-0.7858093533865116
0.45900000000000035,-9.091323965627936,-4.448469784664109,-39.22054766907439,57.87188592671784,29.234468416793995,-30.0136314642859,-13.539793750292045,18.651338257643445,-0.779163047491906
0.45950000000000035,-9.07008927260992,-4.455296286405831,-38.90171258605062,57.52220184598096,29.05049959436557,-29.82304962004551,-13.525385559015751,18.620489259930338,-0.7725500256799407
0.46000000000000035,-9.049246254889283,-4.461101448339036,-38.58469190249576,57.174288663736505,28.867277391188296,-29.633254656006407,-13.51034770322832,18.589596761240742,-0.7659772648181118
0.46050000000000035,-9.028794835090991,-4.465892334088176,-38.26945641508729,56.82816609045693,28.68480196195496,-29.444253518699057,-13.494687169179167,18.55870967536964,-0.7594515567440965
0.46100000000000035,-9.008733621206062,-4.469679935226795,-37.95598052754099,56.483855709672106,28.50307662678489,-29.256056121232362,-13.478413556432857,18.52787518213112,-0.752979494447473
0.46150000000000035,-8.989059987614496,-4.472478906492924,-37.64424211749434,56.14138078379139,28.322107648195384,-29.068675107524193,-13.46153889410742,18.497138666297047,-0.7465674593288085
0.46200000000000035,-8.96977015566793,-4.474307305974733,-37.33422239951551,55.8007660625496,28.14190401151965,-28.882125621003084,-13.444077461642664,18.466543663034088,-0.7402216094834344
0.46250000000000036,-8.950859273555949,-4.475186340579132,-37.02590578474917,55.46203759427509,27.962477209043684,-28.69642507802116,-13.42604561413508,18.436131809525918,-0.7339478689774772
0.46300000000000036,-8.932321495216371,-4.475140117059098,-36.7192797376818,55.12522254017129,27.7838410281135,-28.51159294619598,-13.407461612275469,18.40594280248949,-0.727751918082479
0.46350000000000036,-8.914150058078206,-4.4741953987729985,-36.414334630481505,54.79034899191733,27.60601134344354,-28.327650527899216,-13.388345456851205,18.37601436143582,-0.7216391844556753
0.46400000000000036,-8.896337359454265,-4.47238136829786,-36.11106359535063,54.457445792944625,27.429005913847256,-28.14462074910817,-13.368718727752125,18.346382197593996,-0.7156148352609151
0.46450000000000036,-8.878875031425395,-4.469729396032466,-35.80946237531498,54.126542363715636,27.25284418360617,-27.962527953826026,-13.348604427457861,18.317079988400657,-0.7096837702198542
0.46500000000000036,-8.861754014076297,-4.466272814849461,-35.50952917385996,53.797668531432066,27.077547088685343,-27.781397704285315,-13.328026828925758,18.288139357572106,-0.703850615599972
0.46550000000000036,-8.844964626963986,-4.462046700862523,-35.21126450381985,53.47085436459244,26.903136868003863,-27.601256587147837,-13.307011327826508,18.259589860772593,-0.6981197191439747
0.46600000000000036,-8.828496638713688,-4.457087660371256,-34.91467103591697,53.14613001282543,26.729636879968517,-27.42213202591338,-13.285584299084944,18.231458976908463,-0.6924951459448643
0.46650000000000036,-8.812339334651739,-4.451433623044171,-34.61975344734657,52.82352555243091,26.557071424477897,-27.244052099750974,-13.26377295769591,18.20377210508434,-0.6869806752730767
0.46700000000000036,-8.79648158239425,-4.445123641399984,-34.32651827079724,52.503070838059486,26.385465570603735,-27.067045368963473,-13.241605223794235,18.17655256726225,-0.6815797983597385
0.46750000000000036,-8.7809118953233,-4.438197696656374,-34.03497374429503,52.18479536094949,26.21484499015485,-26.891140707294884,-13.219109591979674,18.149821616654457,-0.6762957171400323
0.46800000000000036,-8.765618493887132,-4.430696511029602,-33.74512966225643,51.86872811411189,26.045235797327564,-26.716367141281697,-13.196315004916734,18.123598451855457,-0.6711313439541335
0.46850000000000036,-8.750589364670759,-4.422661366582265,-33.45699722813072,51.554897464819376,25.876664394640216,-26.54275369684055,-13.173250731253024,18.09790023668866,-0.6660893022003336
0.46900000000000036,-8.735812317188163,-4.414133930700967,-33.170588909006995,51.243331034766534,25.70915732534369,-26.37032925327904,-13.14994624788913,18.07274212575954,-0.6611719279353494
0.46950000000000036,-8.72127503835199,-4.405156088352729,-32.885918292556255,50.93405558814172,25.542741132492225,-26.199122404892027,-13.12643112670472,18.048137295585462,-0.6563812723998019
0.47000000000000036,-8.706965144584075,-4.395769781203562,-32.60299994666866,50.627096927917464,25.3774422248444,-26.029161330301733,-13.102734925787637,18.024096981248803,-0.6517191054573317
0.47050000000000036,-8.692870231531458,-4.386016853753322,-32.32184928213769,50.32247980052706,25.21328674975385,-25.860473669670597,-13.07888708528478,18.00063051838937,-0.6471869199167486
0.47100000000000036,-8.678977921358978,-4.375938906592708,-32.0424824187312,50.02022780912308,25.050300473190937,-25.6930864099036,-13.054916827951686,17.97774539039188,-0.6427859367126629
0.47150000000000036,-8.66527590759361,-4.36557715696156,-31.764916054974663,49.72036333545246,24.888508667020858,-25.527025777918297,-13.03085306455517,17.9554472804778,-0.638517110897439
0.47200000000000036,-8.651751997498195,-4.354972306660152,-31.489167341955238,49.42290747051777,24.72793600363687,-25.362317142059236,-13.006724304158347,17.933740128562533,-0.6343811384223663
0.47250000000000036,-8.638394151959574,-4.344164417518858,-31.215253761439953,49.127879953910906,24.568606458035575,-25.19898492167849,-12.982558569478432,17.912626192470952,-0.6303784636429164
0.47300000000000036,-8.625190522877546,-4.333192794471703,-30.94319300857825,48.83529912186802,24.410543217385204,-25.037052504899634,-12.958383317349249,17.89210611328977,-0.6265092875144305
0.47350000000000037,-8.612129488048595,-4.322095876381976,-30.67300287944107,48.545181863884835,24.253768598122505,-24.87654217453582,-12.93422536443057,17.872178984443764,-0.6227735764133158
0.47400000000000037,-8.59919968354086,-4.310911134683833,-30.40470116362087,48.25754358777488,24.0983039705799,-24.717475042111623,-12.910110818224693,17.852842424154012,-0.6191710715317242
0.47450000000000037,-8.586390033564953,-4.2996749798887155,-30.138305542096816,47.97239819301116,23.944169691120628,-24.559870989911058,-12.886065013453669,17.834092650914343,-0.6157012987904302
0.47500000000000037,-8.573689777848102,-4.288422676043348,-29.8738334905417,47.689758052057854,23.791385041733932,-24.403748620931463,-12.86211245389145,17.815924561516155,-0.612363579197531
0.47550000000000037,-8.561088496526708,-4.277188263134166,-29.611302188219327,47.409633999459324,23.639968177009173,-24.24912521660586,-12.838276759660873,17.798331811239997,-0.6091570395966883
0.47600000000000037,-8.548576132577864,-4.266004487417376,-29.350728432594224,47.13203532840557,23.489936078383167,-24.096016702126818,-12.81458061999524,17.781306895811348,-0.6060806237436509
0.47650000000000037,-8.536143011816648,-4.254902739689333,-29.09212855975062,46.85696979437299,23.341304515530794,-23.944437619167385,-12.791045751505981,17.764841234622374,-0.6031331036365906
0.47700000000000037,-8.523779860492368,-4.24391300140033,-28.835518370684326,46.584443625526085,23.19408801473641,-23.7944011057806,-12.767692861892698,17.748925254841758,-0.6003130910441925
0.47750000000000037,-8.511477820522998,-4.2330637985392805,-28.580913063506557,46.31446153947254,23.048299834063442,-23.64591888322825,-12.744541619062279,17.733548475965982,-0.597619049164809
0.47800000000000037,-8.499228462414521,-4.222382163187156,-28.328327171571118,46.047026765940025,22.903951945114173,-23.49900124946531,-12.721610625601677,17.718699594368907,-0.5950493043511358
0.47850000000000037,-8.487023795916116,-4.211893602543817,-28.077774507506092,45.78214107502686,22.761055021147136,-23.353657078999284,-12.698917398459933,17.704366567520765,-0.5926020578521474
0.47900000000000037,-8.474856278471492,-4.201622075345805,-27.829268113110345,45.51980481045722,22.61961843130677,-23.209893828799654,-12.676478353817297,17.69053669734687,-0.5902753974928849
0.47950000000000037,-8.462718821529108,-4.191589975372233,-27.582820215042545,45.26001692754645,22.479650240688414,-23.067717549949485,-12.654308796901342,17.677196712503907,-0.5880673092610706
0.48000000000000037,-8.450604794782862,-4.181818121902069,-27.338442186212887,45.00277503530087,22.34115721596011,-22.927132904687298,-12.63242291668493,17.664332849087984,-0.5859756887271885
0.48050000000000037,-8.438508028418596,-4.172325756803289,-27.096144512759736,44.748075442304966,22.204144836235507,-22.78814318850115,-12.610833785221885,17.65193092954523,-0.5839983522656418
0.48100000000000037,-8.42642281344689,-4.163130548048626,-26.855936766476532,44.49591320585188,22.06861730889041,-22.65075035690582,-12.589553361495517,17.639976439375346,-0.582133048015411
0.48150000000000037,-8.414343900208848,-4.154248599293192,-26.61782758252815,44.24628218398221,21.934577589995513,-22.51495505655084,-12.56859249950204,17.62845460145406,-0.5803774665553263
0.4820000000000004,-8.402266495143294,-4.14569446526715,-26.38182464228612,43.999175089908945,21.80202740904096,-22.380756660282394,-12.547960960410444,17.617350447622826,-0.5787292512414339
0.4825000000000004,-8.39018625591055,-4.137481172615933,-26.147934661086424,43.75458354846456,21.670967297613664,-22.248153305794773,-12.527667428526483,17.606648887378135,-0.5771860081811084
0.4830000000000004,-8.37809928496847,-4.129620245859172,-25.916163380708156,43.512498154149384,21.54139662169053,-22.117141937502474,-12.507719530827643,17.596334773441228,-0.5757453158119432
0.4835000000000004,-8.3660021217012,-4.122121738116469,-25.686515566349783,43.272908530390595,21.413313617208416,-21.987718351267265,-12.48812385981767,17.58639296404081,-0.5744047340588487
0.4840000000000004,-8.353891733202005,-4.114994266241139,-25.45899500787698,43.03580338963542,21.286715428571853,-21.859877241619213,-12.468885999443144,17.57680838175844,-0.5731618130473599
0.4845000000000004,-8.341765503813804,-4.108245049975942,-25.233604525100247,42.80117059395553,21.16159814976298,-21.73361225112246,-12.450010553789745,17.567566068855285,-0.5720141013594784
0.4850000000000004,-8.329621223532001,-4.101879954801996,-25.01034597683912,42.56899721576425,21.037956867724674,-21.608916021532202,-12.431501178333997,17.55865123892513,-0.5709591538075287
0.4855000000000004,-8.31745707537408,-4.09590353804405,-24.7892202735178,42.33926959843047,20.915785707688812,-21.485780246420127,-12.41336061341813,17.55004932491267,-0.569994538731315
0.4860000000000004,-8.305271621821475,-4.090319097927081,-24.57022739304159,42.1119734164034,20.79507788013848,-21.364195724933985,-12.395590719748556,17.54174602336181,-0.5691178447955068
0.4865000000000004,-8.293063790437685,-4.085128725164303,-24.353366399693357,41.88709373465121,20.67582572909309,-21.2441524163887,-12.378192515601988,17.533727334957852,-0.5683266872956096
0.4870000000000004,-8.280832858765677,-4.080333356745154,-24.138635465793982,41.664615067125006,20.558020781422904,-21.125639495387826,-12.361166215510831,17.525979601331024,-0.5676187139649223
0.4875000000000004,-8.26857843860654,-4.075932831544753,-23.926031895871063,41.444521434054906,20.441653796907325,-21.008645407196994,-12.344511270151292,17.518489538183843,-0.5669916102896693
0.4880000000000004,-8.256300459778572,-4.071925947426033,-23.715552153080182,41.22679641785159,20.326714818766852,-20.893157923100418,-12.328226407204605,17.511244264771406,-0.5664431043335654
0.4885000000000004,-8.243999153453814,-4.068310519489035,-23.507191887630142,41.01142321744533,20.213193224409792,-20.77916419549085,-12.312309672942849,17.50423132981519,-0.5659709710810574
0.4890000000000004,-8.23167503516612,-4.065077276655979,-23.30094596696523,40.79839474778675,20.101077776150163,-20.666652268253472,-12.296752311822098,17.49744878082152,-0.565574492103309
0.4895000000000004,-8.219328917983404,-4.062208835256385,-23.096809064742217,40.58771783710041,19.990357487249305,-20.55561245703689,-12.281537753239789,17.490908772358196,-0.5652549697875848
0.4900000000000004,-8.206961893457134,-4.059705652234982,-22.894776461518234,40.37937410040824,19.88102273129814,-20.446032673071684,-12.266667545692115,17.48459763889001,-0.5650099417735461
0.4905000000000004,-8.194575144811296,-4.05756753235292,-22.694842642201138,40.17334373929115,19.773063050893455,-20.337899909538194,-12.252142677164215,17.47850109709001,-0.564836858644739
0.4910000000000004,-8.182169966443496,-4.055792817206676,-22.497001257460738,39.969606837330325,19.6664671466909,-20.231200421507822,-12.237962783650172,17.472605579869587,-0.5647332748169234
0.4915000000000004,-8.169747784328365,-4.054378528644076,-22.301245160276665,39.76814340860597,19.56122297349725,-20.12591982092259,-12.224126312972441,17.466898248329308,-0.5646968474253384
0.4920000000000004,-8.157310168297727,-4.053320502491786,-22.107566445560337,39.56893344328502,19.45731783011732,-20.022043165209524,-12.210630670789513,17.46136699772468,-0.5647253350922057
0.4925000000000004,-8.144858837776326,-4.052613513430629,-21.91595649206056,39.37195695035728,19.35473844342407,-19.91955503998895,-12.197472351206954,17.45600045829672,-0.5648165965648815
0.4930000000000004,-8.132395662288445,-4.052251391836357,-21.72640600588244,39.1771939974035,19.25347104705355,-19.818439636245966,-12.184647054124802,17.45078799152106,-0.5649685891924143
0.4935000000000004,-8.119922657831893,-4.052227133177555,-21.538905065043764,38.984624747440904,19.153501455056087,-19.71868082229381,-12.172149791009447,17.44571968239714,-0.5651793672377217
0.4940000000000004,-8.107441980030956,-4.052533000520672,-21.353443164573946,38.794229492825025,19.05481513079023,-19.62026221080656,-12.159974980551628,17.44078632825108,-0.5654470800163267
0.4945000000000004,-8.09495591482829,-4.053160620544425,-21.17000926173455,38.60598868629783,18.957397251303306,-19.523167221174155,-12.148116535372715,17.43597942456328,-0.5657699698708498
0.4950000000000004,-8.082466867344777,-4.054101073469223,-20.988591821003013,38.419882969190034,18.861232767416737,-19.427379137397097,-12.136567940814,17.43129114818702,-0.566146369980359
0.4955000000000004,-8.069977349430673,-4.055344977195821,-20.80917885851227,38.235893196882806,18.766306459706414,-19.332881161725727,-12.125322326626494,17.426714338370537,-0.566574702019313
0.4960000000000004,-8.057489966339858,-4.056882565948003,-20.631757985687557,38.05400046158543,18.672602990553173,-19.239656464226883,-12.114372532287861,17.422242475897875,-0.5670534736737096
0.4965000000000004,-8.045007402882902,-4.058703763655373,-20.456316451862847,37.874186112534446,18.580106952423108,-19.147688228453653,-12.103711166538275,17.4178696606716,-0.5675812760305448
0.4970000000000004,-8.03253240935183,-4.060798252302755,-20.28284118569445,37.69643177370591,18.48880291252781,-19.05695969338123,-12.093330661654585,17.41359058801146,-0.5681567808534211
0.4975000000000004,-8.02006778745482,-4.063155535457579,-20.11131883521972,37.52071935913149,18.39867545400685,-18.96745419176512,-12.0832233229124,17.40940052391177,-0.5687787377582723
0.4980000000000004,-8.007616376454877,-4.065764997145518,-19.94173580643917,37.34703108595498,18.30970921376806,-18.879155185076243,-12.073381373600395,17.405295279515812,-0.5694459713081841
0.4985000000000004,-7.995181039667102,-4.068615956284182,-19.774078300321946,37.175349485293935,18.221888917119237,-18.79204629515541,-12.063796995951284,17.40127118497199,-0.5701573780361713
0.4990000000000004,-7.982764651438913,-4.071697716813443,-19.60833234815675,37.00565741106852,18.13519940931846,-18.706111332737038,-12.054462368252356,17.39732506291177,-0.5709119234185778
0.4995000000000004,-7.970370084709401,-4.074999613722937,-19.444483845191257,36.83793804685939,18.04962568417222,-18.62133432297773,-12.045369698432339,17.393454201668135,-0.5717086388055108
0.5000000000000003,-7.958000199220834,-4.078511055104919,-19.28251858251673,36.67217491095985,17.965152909803976,-18.537699528134812,-12.036511254325752,17.389656328443124,-0.5725466183308363
0.5005000000000003,-7.9456578304378525,-4.08222156042717,-19.12242227717161,36.50835185968332,17.88176645171992,-18.455191467526827,-12.027879390865023,17.385929582511714,-0.5734250158069081
0.5010000000000002,292.0666542207881,43.27924268466311,-378.96418060045147,331.91093664706057,113.79945189329256,-127.11574999161093,335.34589690545124,-47.053243953390904,-13.31629809831837
0.5015000000000002,248.9056930847791,16.23311576514996,-361.83710922644167,324.23366557572257,126.24936285841261,-137.38676375257668,265.1388088499291,-37.6034436507191,-11.137400894164074
0.5020000000000001,212.6975772484558,-4.603736260019012,-347.1130037977453,317.98053492713126,135.91607714236915,-145.2889637074135,208.09384098843677,-29.132468870614048,-9.372886565044354
0.5025000000000001,182.24529447275563,-20.477629136257576,-334.39441054797027,312.8429779580745,143.3344305624172,-151.28804213598954,161.76766533649806,-21.55143258989574,-7.953611573572346
0.503,156.5685700355712,-32.42913776070087,-323.3574851142149,308.5230433575359,148.9434326662049,-155.75487784840587,124.13943227487034,-14.834441756678984,-6.81144518220097
0.5035,134.86261726038137,-41.28180045114243,-313.73332893887533,304.7969984731026,153.09754515875383,-158.98757236254383,93.58081680923894,-8.936330465772755,-5.890027203789998
0.5039999999999999,116.46487396332734,-47.69440616824389,-305.2975433392962,301.4864696348429,156.08236534107593,-161.22422709209448,68.77046779508345,-3.8110737044533494,-5.141861751018553
0.5044999999999998,100.82850986780579,-52.1922713798575,-297.8615166939478,298.4499645384437,158.12681220644646,-162.65440115147777,48.63623848794829,0.5884478444958745,-4.527588945031312
0.5049999999999998,87.50114911086752,-55.19185095241464,-291.2657438825395,295.5777349410976,159.4135025826152,-163.4288253520562,32.309298158452876,4.311991058558135,-4.015322769441013
0.5054999999999997,76.10771659476006,-57.02140977383742,-285.3747409691647,292.78707977126953,160.08762351874287,-163.66742163052692,19.086306820922644,7.412338802104841,-3.5797981117840436
0.5059999999999997,66.33657204604779,-57.93837306178334,-280.0731218191915,290.01788289820104,160.26440450092207,-163.46582310236596,8.398198984264454,9.944761079009538,-3.2014186014438906
0.5064999999999996,57.928273524867876,-58.14379310210465,-275.2625133174921,287.22839868586834,160.03530885430115,-162.9006001427781,-0.21551957723677617,11.965885368376235,-2.8652912884769535
0.5069999999999996,50.6664485085376,-57.79428813143423,-270.85907432163714,284.3913751730672,159.4730818086978,-162.03339567323908,-7.12783962289663,13.53230085143008,-2.5603138645412855
0.5074999999999995,44.37035708667045,-57.01177428717526,-266.79145212414295,281.4906046160517,158.63580394867645,-160.9141602294819,-12.641417200504804,14.699152491908762,-2.27835628080544
0.5079999999999995,38.888815844071246,-55.86975718998663,-262.9990614939477,278.55220740576004,157.57010052494638,-159.58880319081564,-16.980941345915383,15.55314591181235,-2.018702665869256
0.5084999999999994,34.095137653137044,-54.39403202613599,-259.43252867646186,275.65795104241585,156.31652090895568,-158.1060988908432,-20.298894372998944,16.22542236595399,-1.7895779818875326
0.5089999999999993,29.883060753766387,-52.66235396377331,-256.0551412714016,272.80332103316346,154.9153636861702,-156.50159104014918,-22.779293210006927,16.748179761761833,-1.586227353978984
0.5094999999999993,26.16388936026908,-50.74085381469098,-252.83649853698898,269.9808426938197,153.39987947881843,-154.80396940927187,-24.576964454421898,17.144344156830698,-1.4040899304534378
0.5099999999999992,22.863551310031482,-48.683051998942304,-249.75122355625518,267.18445907989366,151.79713934223474,-153.03653217100057,-25.81950068891082,17.433235523638473,-1.2393928287658298
0.5104999999999992,19.920129221001815,-46.53213344842369,-246.77812253474542,264.40924584002204,150.12912246769298,-151.21813879854162,-26.612004227421878,17.631123305276617,-1.0890163308486365
0.5109999999999991,17.281813691496012,-44.32281379756748,-243.8994865904408,261.6511898377209,148.41361540183635,-149.36399756495302,-27.041000106071465,17.75170324728009,-0.9503821631166716
0.5114999999999991,14.905205306178942,-42.082871710276805,-241.1005114114929,258.90701587965316,146.66495545846084,-147.4863163543241,-27.177666404097863,17.806504468160256,-0.8213608958632506
0.511999999999999,12.753905254396273,-39.83440795872872,-238.36881457437806,256.1740500404275,144.89464527903976,-145.59484046032372,-27.080502704332446,17.805235466049453,-0.7001951812839593
0.512499999999999,10.797344982537624,-37.59488050259448,-235.69403388853527,253.45011106014655,143.11186079980587,-143.69729691453838,-26.797535520056854,17.75607717161128,-0.5854361147325164
0.5129999999999989,9.0098139733513,-35.37795569335054,-233.0674930395403,250.7334234524125,141.32387101711822,-141.79976148814606,-26.368141719999244,17.6659304128722,-0.47589047102783866
0.5134999999999988,7.369651849991783,-33.194208372622256,-230.48192317666994,248.02254753553837,139.53638475744884,-139.90696171140323,-25.824556522630473,17.540624358868428,-0.3705769539543837
0.5139999999999988,5.85857683928009,-31.051697680753563,-227.9312310372549,245.31632275532075,137.753837030799,-138.02252694748884,-25.193120841473473,17.385091718065866,-0.2686899166898513
0.5144999999999987,4.461127434211278,-28.956440558163663,-225.41030580163775,242.6138215219876,135.97962537692848,-136.14919465230042,-24.495313123952386,17.203515720349856,-0.16956927537194133
0.5149999999999987,3.1641980597274824,-26.912800986033105,-222.91485819369376,239.91431142012866,134.21630482116427,-134.28898037812294,-23.748602926305622,16.999453226434895,-0.07267555695867145
0.5154999999999986,1.9566528207098202,-24.92380979979879,-220.44128643431674,237.21722412790845,132.46574857431142,-132.44331777814148,-22.96715697908897,16.775937693591715,0.02243079616994237
0.5159999999999986,0.829004120321656,-22.991427280373173,-217.98656456035152,234.5221297432246,130.72928038491716,-130.61317379267834,-22.162423160051517,16.535565182873086,0.1161065922388218
0.5164999999999985,-0.22685481956958142,-21.11675857391593,-215.5481493725046,231.82871548990505,129.00778343719304,-128.79914330749006,-21.343613393485512,16.28056611740044,0.20864012970298518
0.5169999999999985,-1.2178726445110613,-19.30023022268378,-213.123902899802,229.13676798895784,127.30178984755014,-127.00152683721913,-20.51810286719484,16.012865089155838,0.3002630103310082
0.5174999999999984,-2.150025326212443,-17.541734636354605,-210.71202778721727,226.44615844381246,125.61155411673974,-125.22039417656029,-19.691759962567048,15.734130656595198,0.391159940179449
0.5179999999999984,-3.028470679794509,-15.840748137354481,-208.3110134451823,223.75683021668877,123.93711331806747,-123.45563645602246,-18.86921881714899,15.445816771506458,0.48147686204501383
0.5184999999999983,-3.8576771624158823,-14.196427229022511,-205.91959115962703,221.0687883737854,122.27833632451176,-121.70700862023278,-18.054104391438393,15.149197214158363,0.5713277042789713
0.5189999999999982,-4.641531293218492,-12.607686923708897,-203.53669666116605,218.38209085674893,120.63496398181107,-119.97416399965667,-17.24921821692739,14.845394195582884,0.6607999821544013
0.5194999999999982,-5.3834273009590845,-11.07326429853584,-201.16143890214704,215.69684100128325,119.0066418066502,-118.25668235903134,-16.456691599494924,14.535402099136206,0.7499594476188491
0.5199999999999981,-6.086341996108331,-9.591769894109746,-198.79307399883527,213.01318117468014,117.3929465173312,-116.5540925675451,-15.678111890218076,14.220107175844873,0.838853949786099
0.5204999999999981,-6.752897357580878,-8.161729115508138,-196.43098346996211,210.33128734495736,115.79340747914902,-114.86589083837767,-14.914626473089015,13.900303874995245,0.9275166407713584
0.520999999999998,-7.385412903186733,-6.7816154182480375,-194.07465604796138,207.65136442752134,114.20752396011758,-113.19155532166579,-14.16702832143477,13.57670837955996,1.0159686384517954
0.521499999999998,-7.985949562916886,-5.449876750912054,-191.7236724602472,204.97364228218777,112.63477893811876,-111.53055769946312,-13.43582631382894,13.249969821940567,1.10422123865564
0.5219999999999979,-8.556346483295897,-4.164956469097859,-189.37769267883087,202.29837225545376,111.07465007248855,-109.88237231903395,-12.721302952393756,12.920679576622888,1.1922777534546043
0.5224999999999979,-9.098251949282172,-2.9253097230315603,-187.03644522076118,199.62582418092293,109.52661834698323,-108.24648330786889,-12.023561672313733,12.589378960161753,1.2801350391143416
0.5229999999999978,-9.613149409294238,-1.729416145682137,-184.69971815206785,196.9562837656557,107.99017480321717,-106.62239003683874,-11.342565554976375,12.256565613587867,1.3677847663784348
0.5234999999999977,-10.102379422002429,-0.5757895232641488,-182.36735150640854,194.29005030236578,106.46482571091812,-105.0096112341667,-10.678168945266577,11.922698795957245,1.4552144767514221
0.5239999999999977,-10.567158204824125,0.537014989867572,-180.03923087839158,191.6274346575509,104.95009646111106,-103.40768800015269,-10.030143214956553,11.588203779159329,1.5424084609583701
0.5244999999999976,-11.008593348840321,1.61039564889235,-177.71528199218494,188.9687574939496,103.44553441848981,-101.81618592891317,-9.398197699947971,11.253475501764655,1.6293484895766426
0.5249999999999976,-11.427697169146711,2.645700507552064,-175.39546607987216,186.31434769265627,101.95071092796748,-100.23469650727105,-8.781996661594647,10.918881612784105,1.7160144206964247
0.5254999999999975,-11.825398080175034,3.644225104896748,-173.07977593219675,183.66454094597685,100.46522263625596,-98.66283793104303,-8.181172975278287,10.5847650137801,1.8023847052129298
0.5259999999999975,-12.202550319527859,4.607211191924549,-170.76823250779623,181.019678496893,98.98869226107901,-97.1002554542488,-7.59533912760331,10.251445989096766,1.8884368068302138
0.5264999999999974,-12.55994228908392,5.535846286384654,-168.46088200654214,178.3801060049595,97.52076891726321,-95.54662136632197,-7.024096002699267,9.919223998417351,1.9741475509412396
0.5269999999999974,-12.89830373665589,6.431263882088942,-166.15779332882818,175.746172521803,96.06112808963297,-94.00163467550715,-6.4670398545669485,9.588379192974827,2.059493414125825
0.5274999999999973,-13.21831196374572,7.294544170445008,-163.8590558561384,173.11822956210474,94.6094713266699,-92.46502056265626,-5.923767793300712,9.259173705966333,2.1444507640136408
0.5279999999999972,-13.520597213626019,8.126715157885265,-161.56477749942908,170.49663025828457,93.16552571569702,-90.93652965810058,-5.393882055740754,8.931852758855484,2.228996057596433
0.5284999999999972,-13.805747367997952,8.92875408421503,-159.27508297115878,167.88172858900293,91.72904318944657,-89.41593718474161,-4.876993283782923,8.606645617844151,2.313106004704963
0.5289999999999971,-14.074312058926807,9.701589064513115,-156.99011224451738,165.27387867317057,90.29979970486261,-87.90304200262915,-4.372722994413692,8.283766428653195,2.396757702233458
0.5294999999999971,-14.326806284881059,10.446100891770744,-154.71001916979867,162.67343412251645,88.87759432755124,-86.39766558380214,-3.880705393110315,7.963414952717784,2.479928743749099
0.529999999999997,-14.563713604879297,11.163124949392728,-152.43497022316262,160.0807474468505,87.46224824915203,-84.89965094080277,-3.400588655486569,7.6457772236878725,2.562597308349254
0.530499999999997,-14.785488972456676,11.853453192508802,-150.16514336741417,157.49616950705402,86.05360375983854,-83.40886152784809,-2.9320357799478742,7.331026139639846,2.644742231990449
0.5309999999999969,-14.992561260969751,12.517836165186665,-147.9007270080545,154.92004901164267,84.65152319397203,-81.92518013000263,-2.4747250957830857,7.019322003588172,2.726343063969395
0.5314999999999969,-15.185335523306946,13.156985027225016,-145.641919030851,152.35273205331157,83.25588786348928,-80.44850775267946,-2.0283504960819307,6.71081302246057,2.8073801108098166
0.5319999999999968,-15.364195022062177,13.771573569722825,-143.3889259096449,149.79456168245804,81.8665969907596,-78.97876252132933,-1.5926214523393512,6.4056357728131275,2.887834469430274
0.5324999999999968,-15.529503060417056,14.36224020305427,-141.14196187514875,147.24587751505868,80.48356665030715,-77.51587859912955,-1.1672628573627861,6.103915639909928,2.9676880511776034
0.5329999999999967,-15.681604639153846,14.929589904565063,-138.90124813715903,144.7070153726583,79.10672872686371,-76.05980512881042,-0.7520147345887835,5.805767235499275,3.046923598053283
0.5334999999999966,-15.82082796122208,15.474196116297843,-136.667012153985,142.17830695251436,77.73602989563034,-74.61050520337498,-0.3466318449242358,5.511294798529349,3.125524692255354
0.5339999999999966,-15.947485801959544,15.996602585502785,-134.43948694401988,139.6600795261873,76.37143062931989,-73.16795486933495,0.04911678354324067,5.220592582167427,3.20347575998494
0.5344999999999965,-16.061876760310184,16.49732514266188,-132.21891043530263,137.15265566503453,75.01290423547863,-71.73214216515001,0.43544838235169436,4.9337452297318976,3.2807620703286204
0.5349999999999965,-16.164286404090888,16.976853413392988,-130.0055248496692,134.65635299126063,73.66043592670243,-70.30306619679997,0.8125670093021,4.6508281415914325,3.3573697299024587
0.5354999999999964,-16.25498832045207,17.434508069331606,-127.79957611870395,132.1700915556868,72.31402192563984,-68.88053640676165,1.1795197488795353,4.370515436982856,3.433485518878186
0.5359999999999964,-16.334243577273384,17.849943977947532,-125.60123405103312,129.66877049590738,70.97355388122408,-67.46082463126496,1.5157004006741488,4.067536444874264,3.512729249959122
0.5364999999999963,-16.402281184470354,18.21942297018148,-123.40922616960106,127.14358031603383,69.63685104702466,-66.0406589466737,1.8171417857111258,3.7343541464327785,3.5961921003509616
0.5369999999999963,-16.459386855065816,18.54815225725024,-121.22182045429639,124.59560736645953,68.30120915861926,-64.61771355982827,2.088765402184425,3.3737869121631405,3.6834955987909836
0.5374999999999962,-16.50591401027134,18.84110427205019,-119.03741533431383,122.02637780595136,66.96426711831901,-63.190043395993364,2.3351902617788483,2.988962471637521,3.774223722325651
0.5379999999999961,-16.54225483876189,19.10305450497852,-116.85456890534556,119.43789179347425,65.62400921367164,-61.756090914819396,2.560799666216628,2.5833228881286914,3.8679182988522456
0.5384999999999961,-16.568817011720625,19.338598397570312,-114.67202658407169,116.83263880087904,64.2787707504527,-60.31469330371613,2.7697813858496865,2.160612216807351,3.9640774467365603
0.538999999999996,-16.586005008401457,19.552150092405025,-112.48874653564758,114.21359371830448,62.92724508450348,-58.86508813738983,2.9661450840035677,1.7248471826569016,4.06215694711365
0.539499999999996,-16.59420525240401,19.74792589135143,-110.3039221439602,111.58419389185573,61.568490215453664,-57.40691581486483,3.1537206389474193,1.28027174789554,4.161574400588833
0.5399999999999959,-16.593774453615623,19.92991541707329,-108.11700077467378,108.94829781668793,60.20193329502021,-55.94021733948438,3.336140963457666,0.8312970420141426,4.261715955535834
0.5404999999999959,-16.58503070300563,20.10184364997629,-105.92769810955133,106.31012686337449,58.82737161518621,-54.465426298149815,3.51681294697066,0.382428753823163,4.361945317036394
0.5409999999999958,-16.56824698359523,20.267127174967836,-103.7360074071664,103.67419209426612,57.44496888434472,-52.98335422336355,3.6988801913726057,-0.061815312900279196,4.461614660981169
0.5414999999999958,-16.5436468461929,20.428828071285754,-101.54220316755288,101.04520887538152,56.055245875048385,-51.49516887971765,3.885181225092854,-0.49699429217136526,4.560076995330732
0.5419999999999957,-16.511402057256618,20.600073182036436,-99.34683884146585,98.44014712932443,54.659064832997615,-50.004094831087315,4.088671124779818,-0.9066917121414235,4.6549700019103
0.5424999999999957,-16.47163443854771,20.81115521628175,-97.15143953735563,95.89806185049157,53.25861186052465,-48.517700465803266,4.339520777734041,-1.2533776868640558,4.740911394721387
0.5429999999999956,-16.42438941430038,21.054380500947623,-94.95973635811578,93.41927847287212,51.859096567732266,-47.04078156258855,4.6299910866472445,-1.5404578852436543,4.818315005143717
0.5434999999999955,-16.369563414573662,21.32016612612957,-92.7753303566057,91.00093410042716,50.46525149257333,-45.57722262555125,4.950602711555909,-1.774396256178548,4.888028867022079
0.5439999999999955,-16.306956088488533,21.599906807282803,-90.60149359155923,88.6399233107606,49.08110988161346,-44.13021860156358,5.29295071879427,-1.9615702807986395,4.9508912800498805
0.5444999999999954,-16.23631867574801,21.88600596095368,-88.44115314288862,86.3330431635427,47.71004949046258,-42.702340650397986,5.649687285205669,-2.108109979345926,5.007708840064595
0.5449999999999954,-16.157390895849417,22.17186849941894,-86.29688886152132,84.07710427958838,46.354844928980555,-41.2956039996221,6.014477603569524,-2.2197845819329416,5.059240929358452
0.5454999999999953,-16.06992813853698,22.451864356311617,-84.17094152166013,81.86901214149728,45.01772485452004,-39.911535116713544,6.381936217774637,-2.3019293801628464,5.1061897378064955
0.5459999999999953,-15.973720596040096,22.721271018335212,-82.06522849421981,79.70582324655854,43.70043098053033,-38.55123616413792,6.747550422295117,-2.3594052476612717,5.149194816392409
0.5464999999999952,-15.868605820928238,22.976202257245028,-79.98136452559373,77.58478074642093,42.40427653334895,-37.21544534282995,7.10759643631679,-2.3965837791728006,5.1888311905189966
0.5469999999999952,-15.754476028299052,23.213529029270184,-77.92068565454619,75.50333389917664,41.13020240746076,-35.90459226045403,7.4590530009711316,-2.417351755369552,5.225610147006726
0.5474999999999951,-15.631281293548582,23.43079727706001,-75.88427471149168,73.45914516984234,39.87882981009598,-34.61884788200324,7.7995159835114265,-2.4251295416493406,5.259981928092742
0.547999999999995,-15.499029632884728,23.626146224519147,-73.87298720722256,71.45008824511959,38.65050863696483,-33.35816893986468,8.127116591634419,-2.422898962102977,5.292339697100147
0.548499999999995,-15.357784797834256,23.798229749574794,-71.88747672768704,69.47423964762008,37.445361180900605,-32.12233691143933,8.440444951740538,-2.4132370800669634,5.323024269461278
0.5489999999999949,-15.207662470847708,23.94614257635839,-69.92821920797957,67.52986608840946,36.2633210503264,-30.910991829699974,8.738480105510682,-2.3983531195701033,5.352329220626423
0.5494999999999949,-15.048825419062624,24.069352348266257,-67.99553566573837,65.61540921020551,35.10416737507856,-29.723661290595064,9.020526929203633,-2.38012645553286,5.380506084483496
0.5499999999999948,-14.881478048542334,24.1676381156923,-66.08961313693433,63.729468958146704,33.967554515290466,-28.55978507461021,9.286160067149964,-2.3601441787876283,5.407769440680255
0.5504999999999948,-14.70586070212076,0.0,-64.21052368167005,0.0,32.85303757698019,0.0,-14.70586070212076,-64.21052368167005,32.85303757698019
0.5509999999999947,-15.08893238789878,42.864426418477585,-57.684795727851906,58.89228912504434,18.895853591650493,-14.706628159357102,27.775494030578805,1.2074933971924366,4.189225432293391
0.5514999999999947,-165.3389461759357,0.0,160.16032150615086,0.0,-28.934188800277568,0.0,-165.3389461759357,160.16032150615086,-28.934188800277568
0.5519999999999946,-163.84066927414307,0.0,136.62654553341417,0.0,-48.188403843033576,0.0,-163.84066927414307,136.62654553341417,-48.188403843033576
0.5524999999999946,-134.78033422493758,0.0,115.1705277120301,0.0,-27.413809954807036,0.0,-134.78033422493758,115.1705277120301,-27.413809954807036
0.5529999999999945,-110.33395897298018,0.0,97.5450105861301,0.0,-15.934511989918953,0.0,-110.33395897298018,97.5450105861301,-15.934511989918953
0.5534999999999944,-89.99783975057778,0.0,83.03851609800148,0.0,-9.470384149882356,0.0,-89.99783975057778,83.03851609800148,-9.470384149882356
0.5539999999999944,-73.20476376203725,0.0,71.08305249157831,0.0,-5.736787032740288,0.0,-73.20476376203725,71.08305249157831,-5.736787032740288
0.5544999999999943,-59.40705091900451,0.0,61.21989765109538,0.0,-3.50976648547865,0.0,-59.40705091900451,61.21989765109538,-3.50976648547865
0.5549999999999943,-48.11133154805202,0.0,53.07556756487011,0.0,-2.12975368816749,0.0,-48.11133154805202,53.07556756487011,-2.12975368816749
0.5554999999999942,-38.889329863097004,0.0,46.34444705476153,0.0,-1.238162450571096,0.0,-38.889329863097004,46.34444705476153,-1.238162450571096
0.5559999999999942,-31.37722393159295,0.0,40.7757491337951,0.0,-0.637517101515094,0.0,-31.37722393159295,40.7757491337951,-0.637517101515094
0.5564999999999941,-25.27002871228028,0.0,36.16338856064618,0.0,-0.2170758087566398,0.0,-25.27002871228028,36.16338856064618,-0.2170758087566398
0.556999999999994,-20.3142438229375,0.0,32.33791981870695,0.0,0.08681189544840606,0.0,-20.3142438229375,32.33791981870695,0.08681189544840606
0.557499999999994,-16.300337102373845,0.0,29.16001236642731,0.0,0.31191171716741195,0.0,-16.300337102373845,29.16001236642731,0.31191171716741195
0.557999999999994,-13.055771967149894,0.0,26.515117592964287,0.0,0.48151153805182645,0.0,-13.055771967149894,26.515117592964287,0.48151153805182645
0.5584999999999939,-10.43884814311798,0.0,24.309086119024442,0.0,0.6106071513867448,0.0,-10.43884814311798,24.309086119024442,0.6106071513867448
0.5589999999999938,-8.333409435701256,0.0,22.46455669158115,0.0,0.7092963302511137,0.0,-8.333409435701256,22.46455669158115,0.7092963302511137
0.5594999999999938,-6.644371997255746,0.0,20.91797807120639,0.0,0.7846723704807772,0.0,-6.644371997255746,20.91797807120639,0.7846723704807772
0.5599999999999937,-5.293985677205853,0.0,19.61715300390142,0.0,0.8419048303003294,0.0,-5.293985677205853,19.61715300390142,0.8419048303003294
0.5604999999999937,-4.218729822043414,0.0,18.51921379516753,0.0,0.8848750266538374,0.0,-4.218729822043414,18.51921379516753,0.8848750266538374
0.5609999999999936,-3.366747797698963,0.0,17.588954875317143,0.0,0.9165637265608737,0.0,-3.366747797698963,17.588954875317143,0.9165637265608737
0.5614999999999936,-2.6957335018466324,0.0,16.797460516809394,0.0,0.9392978759586228,0.0,-2.6957335018466324,16.797460516809394,0.9392978759586228
0.5619999999999935,-2.1711941475213337,0.0,16.120976357506834,0.0,0.9549148047595324,0.0,-2.1711941475213337,16.120976357506834,0.9549148047595324
0.5624999999999934,-1.765024647601507,0.0,15.539982098143327,0.0,0.9648763604802681,0.0,-1.765024647601507,15.539982098143327,0.9648763604802681
0.5629999999999934,-1.4543391165178434,0.0,15.038430012533297,0.0,0.9703513726932158,0.0,-1.4543391165178434,15.038430012533297,0.9703513726932158
0.5634999999999933,-1.2205139940187735,0.0,14.60311998052265,0.0,0.9722771761062887,0.0,-1.2205139940187735,14.60311998052265,0.9722771761062887
0.5639999999999933,-1.0484050271272451,0.0,14.22318681955906,0.0,0.9714066669657555,0.0,-1.0484050271272451,14.22318681955906,0.9714066669657555
0.5644999999999932,-0.9257068922347003,0.0,13.889679910170429,0.0,0.9683449627981062,0.0,-0.9257068922347003,13.889679910170429,0.9683449627981062
0.5649999999999932,-0.8424297250536483,0.0,13.59521861770179,0.0,0.9635783392681319,0.0,-0.8424297250536483,13.59521861770179,0.9635783392681319
0.5654999999999931,-0.7904713922320212,0.0,13.33370992155099,0.0,0.9574972795315801,0.0,-0.7904713922320212,13.33370992155099,0.9574972795315801
0.5659999999999931,-0.7632681211477461,0.0,13.100117071136083,0.0,0.9504149476109234,0.0,-0.7632681211477461,13.100117071136083,0.9504149476109234
0.566499999999993,-0.7555092277388411,0.0,12.890270077669072,0.0,0.942582055428133,0.0,-0.7555092277388411,12.890270077669072,0.942582055428133
0.566999999999993,-0.7629042549232565,0.0,12.700710492565037,0.0,0.9341988599601265,0.0,-0.7629042549232565,12.700710492565037,0.9341988599601265
0.5674999999999929,-0.7819929495286289,0.0,12.52856427605468,0.0,0.9254248613530578,0.0,-0.7819929495286289,12.52856427605468,0.9254248613530578
0.5679999999999928,-0.8099902426459948,0.0,12.371437672892682,0.0,0.9163866509947667,0.0,-0.8099902426459948,12.371437672892682,0.9163866509947667
0.5684999999999928,-0.844659823141086,0.0,12.227331927440588,0.0,0.907184266378195,0.0,-0.844659823141086,12.227331927440588,0.907184266378195
0.5689999999999927,-0.8842110618517154,0.0,12.094573422407194,0.0,0.8978963383699039,0.0,-0.8842110618517154,12.094573422407194,0.8978963383699039
0.5694999999999927,-0.9272150005085962,0.0,11.971756442880974,0.0,0.8885842606042829,0.0,-0.9272150005085962,11.971756442880974,0.8885842606042829
0.5699999999999926,-0.9725359024460118,0.0,11.857696273787269,0.0,0.8792955663759372,0.0,-0.9725359024460118,11.857696273787269,0.8792955663759372
0.5704999999999926,-1.0192755028988358,0.0,11.751390754239708,0.0,0.8700666629441258,0.0,-1.0192755028988358,11.751390754239708,0.8700666629441258
0.5709999999999925,-1.0667276207716014,0.0,11.651988752683252,0.0,0.8609250446642989,0.0,-1.0667276207716014,11.651988752683252,0.8609250446642989
0.5714999999999925,-1.114341222312916,0.0,11.558764305653,0.0,0.8518910833750155,0.0,-1.114341222312916,11.558764305653,0.8518910833750155
0.5719999999999924,-1.1616903774485081,0.0,11.47109539143051,0.0,0.8429794758829701,0.0,-1.1616903774485081,11.47109539143051,0.8429794758829701
0.5724999999999923,-1.2084498358287306,0.0,11.388446496942777,0.0,0.8342004133373919,0.0,-1.2084498358287306,11.388446496942777,0.8342004133373919
0.5729999999999923,-1.2543751835752914,0.0,11.310354289385515,0.0,0.8255605250829419,0.0,-1.2543751835752914,11.310354289385515,0.8255605250829419
0.5734999999999922,-1.2992867328095343,0.0,11.23641582937995,0.0,0.8170636396801285,0.0,-1.2992867328095343,11.23641582937995,0.8170636396801285
0.5739999999999922,-1.3430564521215729,0.0,11.166278865026129,0.0,0.8087113977471319,0.0,-1.3430564521215729,11.166278865026129,0.8087113977471319
0.5744999999999921,-1.3855973735923044,0.0,11.099633830114414,0.0,0.8005037447527386,0.0,-1.3855973735923044,11.099633830114414,0.8005037447527386
0.5749999999999921,-1.4268550160392408,0.0,11.036207238385828,0.0,0.7924393265918823,0.0,-1.4268550160392408,11.036207238385828,0.7924393265918823
0.575499999999992,-1.466800449101811,0.0,10.975756221863463,0.0,0.7845158064731734,0.0,-1.466800449101811,10.975756221863463,0.7845158064731734
0.575999999999992,-1.5054246921147865,0.0,10.918064007174507,0.0,0.7767301181531678,0.0,-1.5054246921147865,10.918064007174507,0.7767301181531678
0.5764999999999919,-1.5427341982948377,0.0,10.862936161318203,0.0,0.7690786677141759,0.0,-1.5427341982948377,10.862936161318203,0.7690786677141759
0.5769999999999919,-1.5787472209310067,0.0,10.810197469018135,0.0,0.761557493778362,0.0,-1.5787472209310067,10.810197469018135,0.761557493778362
0.5774999999999918,-1.613490895929317,0.0,10.759689328886765,0.0,0.7541623941790263,0.0,-1.613490895929317,10.759689328886765,0.7541623941790263
0.5779999999999917,-1.646998905780947,0.0,10.711267576133991,0.0,0.746889025591166,0.0,-1.646998905780947,10.711267576133991,0.746889025591166
0.5784999999999917,-1.6793096150751552,0.0,10.664800656319585,0.0,0.7397329813894942,0.0,-1.6793096150751552,10.664800656319585,0.7397329813894942
0.5789999999999916,-1.710464588106106,0.0,10.62016808834835,0.0,0.7326898520016201,0.0,-1.710464588106106,10.62016808834835,0.7326898520016201
0.5794999999999916,-1.7405074157763778,0.0,10.577259166108348,0.0,0.7257552712109003,0.0,-1.7405074157763778,10.577259166108348,0.7257552712109003
0.5799999999999915,-1.769482792574749,0.0,10.535971857308056,0.0,0.7189249512049649,0.0,-1.769482792574749,10.535971857308056,0.7189249512049649
0.5804999999999915,-1.7974357954685871,0.0,10.496211865550691,0.0,0.7121947086306157,0.0,-1.7974357954685871,10.496211865550691,0.7121947086306157
0.5809999999999914,-1.8244113255659187,0.0,10.4578918278022,0.0,0.7055604834825999,0.0,-1.8244113255659187,10.4578918278022,0.7055604834825999
0.5814999999999914,-1.8504536807443088,0.0,10.420930624408982,0.0,0.6990183523015219,0.0,-1.8504536807443088,10.420930624408982,0.6990183523015219
0.5819999999999913,-1.8756062334253585,0.0,10.385252782911635,0.0,0.6925645368717674,0.0,-1.8756062334253585,10.385252782911635,0.6925645368717674
0.5824999999999912,-1.899911192542504,0.0,10.350787960244759,0.0,0.6861954093787439,0.0,-1.899911192542504,10.350787960244759,0.6861954093787439
0.5829999999999912,-1.923409432713953,0.0,10.317470490645405,0.0,0.6799074947980728,0.0,-1.923409432713953,10.317470490645405,0.6799074947980728
0.5834999999999911,-1.946140376859077,0.0,10.28523898883364,0.0,0.6736974711376682,0.0,-1.946140376859077,10.28523898883364,0.6736974711376682
0.5839999999999911,-1.9681419211198374,0.0,10.254035999855489,0.0,0.6675621680310506,0.0,-1.9681419211198374,10.254035999855489,0.6675621680310506
0.584499999999991,-1.9894503930842546,0.0,10.223807688481344,0.0,0.6614985640810609,0.0,-1.9894503930842546,10.223807688481344,0.6614985640810609
0.584999999999991,-2.0101005360432964,0.0,10.194503562277077,0.0,0.6555037832729695,0.0,-2.0101005360432964,10.194503562277077,0.6555037832729695
0.5854999999999909,-2.030125513422263,0.0,10.166076223474136,0.0,0.6495750907112559,0.0,-2.030125513422263,10.166076223474136,0.6495750907112559
0.5859999999999909,-2.0495569286731836,0.0,10.13848114558661,0.0,0.6437098878817089,0.0,-2.0495569286731836,10.13848114558661,0.6437098878817089
0.5864999999999908,-2.0684248568439614,0.0,10.111676471403115,0.0,0.6379057075988328,0.0,-2.0684248568439614,10.111676471403115,0.6379057075988328
0.5869999999999908,-2.086757884793613,0.0,10.085622829534856,0.0,0.6321602087640024,0.0,-2.086757884793613,10.085622829534856,0.6321602087640024
0.5874999999999907,-2.104583157634778,0.0,10.060283167159923,0.0,0.6264711710328221,0.0,-2.104583157634778,10.060283167159923,0.6264711710328221
0.5879999999999906,-2.1219264294787905,0.0,10.035622596978385,0.0,0.6208364894680436,0.0,-2.1219264294787905,10.035622596978385,0.6208364894680436
0.5884999999999906,-2.1388121169598833,0.0,10.01160825670408,0.0,0.6152541692364721,0.0,-2.1388121169598833,10.01160825670408,0.6152541692364721
0.5889999999999905,-2.1552633543383592,0.0,9.988209179674783,0.0,0.6097223203947912,0.0,-2.1552633543383592,9.988209179674783,0.6097223203947912
0.5894999999999905,-2.171302049243849,0.0,9.965396175372518,0.0,0.6042391527971702,0.0,-2.171302049243849,9.965396175372518,0.6042391527971702
0.5899999999999904,-2.18694893833063,0.0,9.94314171882263,0.0,0.5988029711491123,0.0,-2.18694893833063,9.94314171882263,0.5988029711491123
0.5904999999999904,-2.2022236422861425,0.0,9.921419847985646,0.0,0.5934121702245108,0.0,-2.2022236422861425,9.921419847985646,0.5934121702245108
0.5909999999999903,-2.217144719770033,0.0,9.900206068375894,0.0,0.5880652302574063,0.0,-2.217144719770033,9.900206068375894,0.5880652302574063
0.5914999999999903,-2.231729719969735,0.0,9.87947726424295,0.0,0.5827607125153484,0.0,-2.231729719969735,9.87947726424295,0.5827607125153484
0.5919999999999902,-2.245995233546097,0.0,9.859211615737308,0.0,0.5774972550578923,0.0,-2.245995233546097,9.859211615737308,0.5774972550578923
0.5924999999999901,-2.259956941811012,0.0,9.839388521550859,0.0,0.5722735686809415,0.0,-2.259956941811012,9.839388521550859,0.5722735686809415
0.5929999999999901,-2.2736296640344165,0.0,9.819988526583899,0.0,0.567088433045555,0.0,-2.2736296640344165,9.819988526583899,0.567088433045555
0.59349999999999,-2.287027402821309,0.0,9.800993254242826,0.0,0.56194069298855,0.0,-2.287027402821309,9.800993254242826,0.56194069298855
0.59399999999999,-2.3001633875322653,0.0,9.782385343011981,0.0,0.5568292550104275,0.0,-2.3001633875322653,9.782385343011981,0.5568292550104275
0.5944999999999899,-2.313050115748723,0.0,9.764148386983777,0.0,0.551753083936017,0.0,-2.313050115748723,9.764148386983777,0.551753083936017
0.5949999999999899,-2.3256993928031306,0.0,9.746266880061398,0.0,0.5467111997420311,0.0,-2.3256993928031306,9.746266880061398,0.5467111997420311
0.5954999999999898,-2.3381223694099162,0.0,9.72872616357472,0.0,0.5417026745456113,0.0,-2.3381223694099162,9.72872616357472,0.5417026745456113
0.5959999999999898,-2.3503295774449384,0.0,9.711512377076332,0.0,0.5367266297475233,0.0,-2.3503295774449384,9.711512377076332,0.5367266297475233
0.5964999999999897,-2.362330963928386,0.0,9.6946124121028,0.0,0.5317822333238489,0.0,-2.362330963928386,9.6946124121028,0.5317822333238489
0.5969999999999897,-2.374135923273073,0.0,9.678013868705591,0.0,0.5268686972594381,0.0,-2.374135923273073,9.678013868705591,0.5268686972594381
0.5974999999999896,-2.3857533278628296,0.0,9.661705014572618,0.0,0.5219852751169043,0.0,-2.3857533278628296,9.661705014572618,0.5219852751169043
0.5979999999999895,-2.3971915570284636,0.0,9.645674746573889,0.0,0.517131259735006,0.0,-2.3971915570284636,9.645674746573889,0.517131259735006
0.5984999999999895,-2.4084585244899017,0.0,9.629912554579391,0.0,0.5123059810498205,0.0,-2.4084585244899017,9.629912554579391,0.5123059810498205
0.5989999999999894,-2.419561704332793,0.0,9.614408487406706,0.0,0.5075088040332574,0.0,-2.419561704332793,9.614408487406706,0.5075088040332574
0.5994999999999894,-2.4305081555873898,0.0,9.599153120767937,0.0,0.502739126742707,0.0,-2.4305081555873898,9.599153120767937,0.502739126742707
0.5999999999999893,-2.441304545476868,0.0,9.584137527093333,0.0,0.4979963784763761,0.0,-2.441304545476868,9.584137527093333,0.4979963784763761
0.6004999999999893,-2.4519571713992434,0.0,9.569353247117675,0.0,0.4932800180290009,0.0,-2.4519571713992434,9.569353247117675,0.4932800180290009
0.6009999999999892,-2.4624719817071536,0.0,9.554792263123886,0.0,0.4885895320425888,0.0,-2.4624719817071536,9.554792263123886,0.4885895320425888
0.6014999999999892,-2.472854595345453,0.0,9.54044697374394,0.0,0.48392443344744507,0.0,-2.472854595345453,9.54044697374394,0.48392443344744507
0.6019999999999891,-2.4831103204063396,0.0,9.5263101702256,0.0,0.47928425998859936,0.0,-2.4831103204063396,9.5263101702256,0.47928425998859936
0.602499999999989,-2.4932441716577927,0.0,9.512375014076241,0.0,0.47466857283321673,0.0,-2.4932441716577927,9.512375014076241,0.47466857283321673
0.602999999999989,-2.503260887099671,0.0,9.498635016004897,0.0,0.47007695525467597,0.0,-2.503260887099671,9.498635016004897,0.47007695525467597
0.6034999999999889,-2.5131649435990653,0.0,9.485084016083476,0.0,0.4655090113892335,0.0,-2.5131649435990653,9.485084016083476,0.4655090113892335
0.6039999999999889,-2.5229605716543375,0.0,9.471716165058325,0.0,0.46096436506140037,0.0,-2.5229605716543375,9.471716165058325,0.46096436506140037
0.6044999999999888,-2.5326517693345068,0.0,9.458525906742466,0.0,0.4564426586742698,0.0,-2.5326517693345068,9.458525906742466,0.4564426586742698
0.6049999999999888,-2.542242315438841,0.0,9.445507961426927,0.0,0.4519435521613637,0.0,-2.542242315438841,9.445507961426927,0.4519435521613637
0.6054999999999887,-2.551735781919291,0.0,9.432657310251443,0.0,0.4474667219967401,0.0,-2.551735781919291,9.432657310251443,0.4474667219967401
0.6059999999999887,-2.5611355456056515,0.0,9.419969180477466,0.0,0.4430118602599187,0.0,-2.5611355456056515,9.419969180477466,0.4430118602599187
0.6064999999999886,-2.570444799272124,0.0,9.407439031613734,0.0,0.43857867375306014,0.0,-2.570444799272124,9.407439031613734,0.43857867375306014
0.6069999999999885,-2.5796665620814565,0.0,9.395062542341435,0.0,0.43416688316715835,0.0,-2.5796665620814565,9.395062542341435,0.43416688316715835
0.6074999999999885,-2.58880368944061,0.0,9.382835598195442,0.0,0.4297762222948336,0.0,-2.58880368944061,9.382835598195442,0.4297762222948336
0.6079999999999884,-2.597858882301395,0.0,9.370754279956486,0.0,0.42540643728705163,0.0,-2.597858882301395,9.370754279956486,0.42540643728705163
0.6084999999999884,-2.606834695935916,0.0,9.358814852712527,0.0,0.421057285951413,0.0,-2.606834695935916,9.358814852712527,0.421057285951413
0.6089999999999883,-2.6157335482168236,0.0,9.347013755552354,0.0,0.41672853708966784,0.0,-2.6157335482168236,9.347013755552354,0.41672853708966784
0.6094999999999883,-2.6245577274293055,0.0,9.335347591852752,0.0,0.41241996987244534,0.0,-2.6245577274293055,9.335347591852752,0.41241996987244534
0.6099999999999882,-2.6333093996414902,0.0,9.323813120126374,0.0,0.4081313732489278,0.0,-2.6333093996414902,9.323813120126374,0.4081313732489278
0.6104999999999882,-2.6419906156575195,0.0,9.312407245396997,0.0,0.4038625453898099,0.0,-2.6419906156575195,9.312407245396997,0.4038625453898099
0.6109999999999881,-2.650603317576895,0.0,9.301127011072111,0.0,0.3996132931613765,0.0,-2.650603317576895,9.301127011072111,0.3996132931613765
0.611499999999988,-2.6591493449819836,0.0,9.28996959128392,0.0,0.3953834316294085,0.0,-2.6591493449819836,9.28996959128392,0.3953834316294085
0.611999999999988,-2.66763044077463,0.0,9.278932283671452,0.0,0.3911727835908323,0.0,-2.66763044077463,9.278932283671452,0.3911727835908323
0.6124999999999879,-2.676048256681611,0.0,9.2680125025787,0.0,0.38698117913187247,0.0,-2.676048256681611,9.2680125025787,0.38698117913187247
0.6129999999999879,-2.68440435844731,0.0,9.257207772644108,0.0,0.38280845521110507,0.0,-2.68440435844731,9.257207772644108,0.38280845521110507
0.6134999999999878,-2.692700230731532,0.0,9.246515722759455,0.0,0.37865445526613684,0.0,-2.692700230731532,9.246515722759455,0.37865445526613684
0.6139999999999878,-2.700937281728784,0.0,9.235934080376182,0.0,0.37451902884242827,0.0,-2.700937281728784,9.235934080376182,0.37451902884242827
0.6144999999999877,-2.709116847524811,0.0,9.225460666139213,0.0,0.37040203124320215,0.0,-2.709116847524811,9.225460666139213,0.37040203124320215
0.6149999999999877,-2.717240196205225,0.0,9.215093388829814,0.0,0.36630332319922587,0.0,-2.717240196205225,9.215093388829814,0.36630332319922587
0.6154999999999876,-2.725308531730036,0.0,9.204830240598454,0.0,0.36222277055722785,0.0,-2.725308531730036,9.204830240598454,0.36222277055722785
0.6159999999999876,-2.7333229975877913,0.0,9.194669292472298,0.0,0.358160243986152,0.0,-2.7333229975877913,9.194669292472298,0.358160243986152
0.6164999999999875,-2.7412846802409234,0.0,9.184608690120342,0.0,0.35411561869997854,0.0,-2.7412846802409234,9.184608690120342,0.35411561869997854
0.6169999999999874,-2.749194612375021,0.0,9.174646649861643,0.0,0.3500887741964611,0.0,-2.749194612375021,9.174646649861643,0.3500887741964611
0.6174999999999874,-2.757053775962433,0.0,9.164781454902936,0.0,0.34607959401067845,0.0,-2.757053775962433,9.164781454902936,0.34607959401067845
0.6179999999999873,-2.764863105151136,0.0,9.155011451791324,0.0,0.34208796548266207,0.0,-2.764863105151136,9.155011451791324,0.34208796548266207
0.6184999999999873,-2.7726234889884154,0.0,9.145335047071057,0.0,0.33811377953832533,0.0,-2.7726234889884154,9.145335047071057,0.33811377953832533
0.6189999999999872,-2.780335773989094,0.0,9.135750704131283,0.0,0.3341569304829477,0.0,-2.780335773989094,9.135750704131283,0.3341569304829477
0.6194999999999872,-2.7880007665567774,0.0,9.1262569402341,0.0,0.3302173158064221,0.0,-2.7880007665567774,9.1262569402341,0.3302173158064221
0.6199999999999871,-2.7956192352665994,0.0,9.116852323713118,0.0,0.3262948359997573,0.0,-2.7956192352665994,9.116852323713118,0.3262948359997573
0.6204999999999871,-2.803191913017443,0.0,9.107535471331687,0.0,0.3223893943820535,0.0,-2.803191913017443,9.107535471331687,0.3223893943820535
0.620999999999987,-2.810719499060724,0.0,9.098305045791648,0.0,0.3185008969374863,0.0,-2.810719499060724,9.098305045791648,0.3185008969374863
0.621499999999987,-2.8182026609131867,0.0,9.089159753385132,0.0,0.3146292521616516,0.0,-2.8182026609131867,9.089159753385132,0.3146292521616516
0.6219999999999869,-2.8256420361598913,0.0,9.080098341779262,0.0,0.3107743709167785,0.0,-2.8256420361598913,9.080098341779262,0.3107743709167785
0.6224999999999868,-2.833038234153804,0.0,9.07111959792735,0.0,0.3069361662953334,0.0,-2.833038234153804,9.07111959792735,0.3069361662953334
0.6229999999999868,-2.840391837618043,0.0,9.062222346098821,0.0,0.3031145534914472,0.0,-2.840391837618043,9.062222346098821,0.3031145534914472
0.6234999999999867,-2.8477034041560074,0.0,9.053405446021031,0.0,0.2993094496798854,0.0,-2.8477034041560074,9.053405446021031,0.2993094496798854
0.6239999999999867,-2.8549734676748812,0.0,9.044667791126585,0.0,0.29552077390199116,0.0,-2.8549734676748812,9.044667791126585,0.29552077390199116
0.6244999999999866,-2.862202539727292,0.0,9.036008306899674,0.0,0.2917484469582696,0.0,-2.862202539727292,9.036008306899674,0.2917484469582696
0.6249999999999866,-2.8693911107758225,0.0,9.027425949316324,0.0,0.2879923913072169,0.0,-2.8693911107758225,9.027425949316324,0.2879923913072169
0.6254999999999865,-2.8765396513850305,0.0,9.018919703372575,0.0,0.2842525309700825,0.0,-2.8765396513850305,9.018919703372575,0.2842525309700825
0.6259999999999865,-2.8836486133444197,0.0,9.010488581695427,0.0,0.28052879144116716,0.0,-2.8836486133444197,9.010488581695427,0.28052879144116716
0.6264999999999864,-2.890718430727361,0.0,9.002131623232515,0.0,0.2768210996033815,0.0,-2.890718430727361,9.002131623232515,0.2768210996033815
0.6269999999999863,-2.8977495208885955,0.0,8.993847892015026,0.0,0.27312938364879,0.0,-2.8977495208885955,8.993847892015026,0.27312938364879
0.6274999999999863,-2.9047422854044243,0.0,8.98563647599019,0.0,0.2694535730037835,0.0,-2.9047422854044243,8.98563647599019,0.2694535730037835
0.6279999999999862,-2.911697110958727,0.0,8.977496485919119,0.0,0.26579359825864657,0.0,-2.911697110958727,8.977496485919119,0.26579359825864657
0.6284999999999862,-2.9186143701778207,0.0,8.969427054336222,0.0,0.2621493911013886,0.0,-2.9186143701778207,8.969427054336222,0.2621493911013886
0.6289999999999861,-2.9254944224172164,0.0,8.96142733456665,0.0,0.2585208842553115,0.0,-2.9254944224172164,8.96142733456665,0.2585208842553115
0.6294999999999861,-2.932337614502927,0.0,8.953496499798547,0.0,0.25490801142048625,0.0,-2.932337614502927,8.953496499798547,0.25490801142048625
0.629999999999986,-2.9391442814299893,0.0,8.945633742206212,0.0,0.25131070721851856,0.0,-2.9391442814299893,8.945633742206212,0.25131070721851856
0.630499999999986,-2.945914747020595,0.0,8.937838272122832,0.0,0.24772890714072915,0.0,-2.945914747020595,8.937838272122832,0.24772890714072915
0.6309999999999859,-2.952649324544197,0.0,8.930109317257717,0.0,0.2441625474993927,0.0,-2.952649324544197,8.930109317257717,0.2441625474993927
0.6314999999999859,-2.9593483173018456,0.0,8.922446121957535,0.0,0.24061156538186168,0.0,-2.9593483173018456,8.922446121957535,0.24061156538186168
0.6319999999999858,-2.966012019176574,0.0,8.914847946507763,0.0,0.23707589860750744,0.0,-2.966012019176574,8.914847946507763,0.23707589860750744
0.6324999999999857,-2.972640715152025,0.0,8.907314066472168,0.0,0.23355548568719797,0.0,-2.972640715152025,8.907314066472168,0.23355548568719797
0.6329999999999857,-2.97923468180106,0.0,8.899843772068522,0.0,0.23005026578526966,0.0,-2.97923468180106,8.899843772068522,0.23005026578526966
0.6334999999999856,-2.985794187745995,0.0,8.892436367578398,0.0,0.22656017868374434,0.0,-2.985794187745995,8.892436367578398,0.22656017868374434
0.6339999999999856,-2.992319494092243,0.0,8.88509117078857,0.0,0.2230851647487917,0.0,-2.992319494092243,8.88509117078857,0.2230851647487917
0.6344999999999855,-2.9988108548367904,0.0,8.877807512462795,0.0,0.21962516489916695,0.0,-2.9988108548367904,8.877807512462795,0.21962516489916695
0.6349999999999855,-3.0052685172528726,0.0,8.870584735841817,0.0,0.2161801205766487,0.0,-3.0052685172528726,8.870584735841817,0.2161801205766487
0.6354999999999854,-3.011692722252647,0.0,8.863422196170461,0.0,0.21274997371818927,0.0,-3.011692722252647,8.863422196170461,0.21274997371818927
0.6359999999999854,-3.0180837047283973,0.0,8.856319260249478,0.0,0.2093346667299194,0.0,-3.0180837047283973,8.856319260249478,0.2093346667299194
0.6364999999999853,-3.0244416938742518,0.0,8.849275306011322,0.0,0.20593414246260267,0.0,-3.0244416938742518,8.849275306011322,0.20593414246260267
0.6369999999999852,-3.0307669134890745,0.0,8.842289722118494,0.0,0.20254834418877365,0.0,-3.0307669134890745,8.842289722118494,0.20254834418877365
0.6374999999999852,-3.0370595822617474,0.0,8.835361907582808,0.0,0.1991772155811553,0.0,-3.0370595822617474,8.835361907582808,0.1991772155811553
0.6379999999999851,-3.043319914039941,0.0,8.828491271404602,0.0,0.19582070069253632,0.0,-3.043319914039941,8.828491271404602,0.19582070069253632
0.6384999999999851,-3.0495481180831945,0.0,8.8216772322304,0.0,0.19247874393685294,0.0,-3.0495481180831945,8.8216772322304,0.19247874393685294
0.638999999999985,-3.0557443993013322,0.0,8.814919218028876,0.0,0.18915129007146092,0.0,-3.0557443993013322,8.814919218028876,0.18915129007146092
0.639499999999985,-3.061908958478952,0.0,8.808216665783078,0.0,0.1858382841806261,0.0,-3.061908958478952,8.808216665783078,0.1858382841806261
0.6399999999999849,-3.068041992486826,0.0,8.801569021197992,0.0,0.18253967165989238,0.0,-3.068041992486826,8.801569021197992,0.18253967165989238
0.6404999999999849,-3.0741436944811085,0.0,8.794975738423744,0.0,0.17925539820164715,0.0,-3.0741436944811085,8.794975738423744,0.17925539820164715
0.6409999999999848,-3.080214254090876,0.0,8.788436279792052,0.0,0.17598540978149657,0.0,-3.080214254090876,8.788436279792052,0.17598540978149657
0.6414999999999847,-3.0862538575946417,0.0,8.781950115566303,0.0,0.17272965264550066,0.0,-3.0862538575946417,8.781950115566303,0.17272965264550066
0.6419999999999847,-3.092262688086805,0.0,8.775516723703674,0.0,0.1694880732983819,0.0,-3.092262688086805,8.775516723703674,0.1694880732983819
0.6424999999999846,-3.098240925634215,0.0,8.769135589629002,0.0,0.16626061849238383,0.0,-3.098240925634215,8.769135589629002,0.16626061849238383
0.6429999999999846,-3.1041887474236773,0.0,8.76280620602023,0.0,0.16304723521687947,0.0,-3.1041887474236773,8.76280620602023,0.16304723521687947
0.6434999999999845,-3.11010632790088,0.0,8.756528072603459,0.0,0.15984787068871142,0.0,-3.11010632790088,8.756528072603459,0.15984787068871142
0.6439999999999845,-3.1159938389011614,0.0,8.750300695958288,0.0,0.15666247234318575,0.0,-3.1159938389011614,8.750300695958288,0.15666247234318575
0.6444999999999844,-3.121851449772734,0.0,8.744123589332418,0.0,0.1534909878256201,0.0,-3.121851449772734,8.744123589332418,0.1534909878256201
0.6449999999999844,-3.127679327492686,0.0,8.737996272465068,0.0,0.15033336498349925,0.0,-3.127679327492686,8.737996272465068,0.15033336498349925
0.6454999999999843,-3.133477636776149,0.0,8.731918271417982,0.0,0.14718955185921345,0.0,-3.133477636776149,8.731918271417982,0.14718955185921345
0.6459999999999843,-3.1392465401791867,0.0,8.725889118415296,0.0,0.1440594966831874,0.0,-3.1392465401791867,8.725889118415296,0.1440594966831874
0.6464999999999842,-3.1449861981957383,0.0,8.719908351689753,0.0,0.14094314786760265,0.0,-3.1449861981957383,8.719908351689753,0.14094314786760265
0.6469999999999841,-3.1506967693487553,0.0,8.71397551533667,0.0,0.1378404540005036,0.0,-3.1506967693487553,8.71397551533667,0.1378404540005036
0.6474999999999841,-3.156378410276119,0.0,8.708090159173821,0.0,0.1347513638403548,0.0,-3.156378410276119,8.708090159173821,0.1347513638403548
0.647999999999984,-3.1620312758114864,0.0,8.702251838607651,0.0,0.13167582631093921,0.0,-3.1620312758114864,8.702251838607651,0.13167582631093921
0.648499999999984,-3.167655519060631,0.0,8.696460114505726,0.0,0.12861379049670774,0.0,-3.167655519060631,8.696460114505726,0.12861379049670774
0.6489999999999839,-3.173251291473008,0.0,8.690714553074201,0.0,0.12556520563838447,0.0,-3.173251291473008,8.690714553074201,0.12556520563838447
0.6494999999999839,-3.1788187429094137,0.0,8.68501472574087,0.0,0.12253002112898415,0.0,-3.1788187429094137,8.68501472574087,0.12253002112898415
0.6499999999999838,-3.18435802170562,0.0,8.679360209042699,0.0,0.11950818651007111,0.0,-3.18435802170562,8.679360209042699,0.11950818651007111
0.6504999999999838,-3.189869274732274,0.0,8.67375058451853,0.0,0.11649965146832031,0.0,-3.189869274732274,8.67375058451853,0.11649965146832031
0.6509999999999837,-3.195352647451358,0.0,8.668185438605917,0.0,0.11350436583239087,0.0,-3.195352647451358,8.668185438605917,0.11350436583239087
0.6514999999999836,-3.200808283969394,0.0,8.66266436254196,0.0,0.11052227956995253,0.0,-3.200808283969394,8.66266436254196,0.11052227956995253
0.6519999999999836,-3.206236327087524,0.0,8.657186952268518,0.0,0.10755334278506723,0.0,-3.206236327087524,8.657186952268518,0.10755334278506723
0.6524999999999835,-3.211636918348603,0.0,8.651752808340547,0.0,0.10459750571571291,0.0,-3.211636918348603,8.651752808340547,0.10459750571571291
0.6529999999999835,-3.2170101980817662,0.0,8.64636153583865,0.0,0.10165471873149912,0.0,-3.2170101980817662,8.64636153583865,0.10165471873149912
0.6534999999999834,-3.222356305444251,0.0,8.641012744284268,0.0,0.09872493233167035,0.0,-3.222356305444251,8.641012744284268,0.09872493233167035
0.6539999999999834,-3.2276753784608445,0.0,8.635706047558585,0.0,0.0958080971431805,0.0,-3.2276753784608445,8.635706047558585,0.0958080971431805
0.6544999999999833,-3.2329675540610765,0.0,8.630441063823923,0.0,0.09290416391900891,0.0,-3.2329675540610765,8.630441063823923,0.09290416391900891
0.6549999999999833,-3.2382329681142323,0.0,8.625217415448702,0.0,0.0900130835366042,0.0,-3.2382329681142323,8.625217415448702,0.0900130835366042
0.6554999999999832,-3.243471755462437,0.0,8.620034728933888,0.0,0.08713480699647391,0.0,-3.243471755462437,8.620034728933888,0.08713480699647391
0.6559999999999832,-3.2486840499516916,0.0,8.6148926348433,0.0,0.08426928542093748,0.0,-3.2486840499516916,8.6148926348433,0.08426928542093748
0.6564999999999831,-3.253869984461261,0.0,8.609790767735376,0.0,0.08141647005297159,0.0,-3.253869984461261,8.609790767735376,0.08141647005297159
0.656999999999983,-3.2590296909313423,0.0,8.604728766097764,0.0,0.07857631225522255,0.0,-3.2590296909313423,8.604728766097764,0.07857631225522255
0.657499999999983,-3.264163300389157,0.0,8.599706272283612,0.0,0.07574876350905768,0.0,-3.264163300389157,8.599706272283612,0.07574876350905768
0.6579999999999829,-3.2692709429734776,0.0,8.594722932450196,0.0,0.07293377541379442,0.0,-3.2692709429734776,8.594722932450196,0.07293377541379442
0.6584999999999829,-3.2743527479579484,0.0,8.589778396499753,0.0,0.07013129968597909,0.0,-3.2743527479579484,8.589778396499753,0.07013129968597909
0.6589999999999828,-3.279408843772842,0.0,8.584872318021553,0.0,0.06734128815879359,0.0,-3.279408843772842,8.584872318021553,0.06734128815879359
0.6594999999999828,-3.284439358025878,0.0,8.58000435423628,0.0,0.06456369278152252,0.0,-3.284439358025878,8.58000435423628,0.06456369278152252
0.6599999999999827,-3.2894444175214943,0.0,8.575174165941519,0.0,0.061798465619055776,0.0,-3.2894444175214943,8.575174165941519,0.061798465619055776
0.6604999999999827,-3.294424148279532,0.0,8.57038141745943,0.0,0.059045558851583024,0.0,-3.294424148279532,8.57038141745943,0.059045558851583024
0.6609999999999826,-3.299378675552333,0.0,8.565625776585762,0.0,0.0563049247741958,0.0,-3.299378675552333,8.565625776585762,0.0563049247741958
0.6614999999999825,-3.3043081238413663,0.0,8.560906914539771,0.0,0.0535765157966992,0.0,-3.3043081238413663,8.560906914539771,0.0535765157966992
0.6619999999999825,-3.30921261691266,0.0,8.556224505916418,0.0,0.05086028444339519,0.0,-3.30921261691266,8.556224505916418,0.05086028444339519
0.6624999999999824,-3.314092277811369,0.0,8.551578228639073,0.0,0.04815618335292626,0.0,-3.314092277811369,8.551578228639073,0.04815618335292626
0.6629999999999824,-3.318947228875814,0.0,8.546967763913926,0.0,0.045464165278190194,0.0,-3.318947228875814,8.546967763913926,0.045464165278190194
0.6634999999999823,-3.3237775917503996,0.0,8.542392796185368,0.0,0.04278418308629739,0.0,-3.3237775917503996,8.542392796185368,0.04278418308629739
0.6639999999999823,-3.32858348739812,0.0,8.537853013092558,0.0,0.040116189758542475,0.0,-3.32858348739812,8.537853013092558,0.040116189758542475
0.6644999999999822,-3.3333650361122125,0.0,8.533348105427166,0.0,0.03746013839046469,0.0,-3.3333650361122125,8.533348105427166,0.03746013839046469
0.6649999999999822,-3.3381223575273964,0.0,8.528877767092013,0.0,0.034815982191886974,0.0,-3.3381223575273964,8.528877767092013,0.034815982191886974
0.6654999999999821,-3.3428555706302063,0.0,8.524441695060545,0.0,0.03218367448700832,0.0,-3.3428555706302063,8.524441695060545,0.03218367448700832
0.665999999999982,-3.347564793769095,0.0,8.520039589337927,0.0,0.02956316871453879,0.0,-3.347564793769095,8.520039589337927,0.02956316871453879
0.666499999999982,-3.352250144663799,0.0,8.515671152921897,0.0,0.02695441842784163,0.0,-3.352250144663799,8.515671152921897,0.02695441842784163
0.6669999999999819,-3.3569117404144038,0.0,8.511336091765685,0.0,0.024357377295118,0.0,-3.3569117404144038,8.511336091765685,0.024357377295118
0.6674999999999819,-3.3615496975097017,0.0,8.507034114740918,0.0,0.021771999099595263,0.0,-3.3615496975097017,8.507034114740918,0.021771999099595263
0.6679999999999818,-3.3661641318354043,0.0,8.502764933601611,0.0,0.019198237739736612,0.0,-3.3661641318354043,8.502764933601611,0.019198237739736612
0.6684999999999818,-3.3707551586817885,0.0,8.498528262948923,0.0,0.016636047229475537,0.0,-3.3707551586817885,8.498528262948923,0.016636047229475537
0.6689999999999817,-3.3753228927509156,0.0,8.494323820196797,0.0,0.014085381698457411,0.0,-3.3753228927509156,8.494323820196797,0.014085381698457411
0.6694999999999817,-3.379867448163651,0.0,8.490151325537852,0.0,0.011546195392320158,0.0,-3.379867448163651,8.490151325537852,0.011546195392320158
0.6699999999999816,-3.384388938466188,0.0,8.486010501910187,0.0,0.00901844267293228,0.0,-3.384388938466188,8.486010501910187,0.00901844267293228
0.6704999999999816,-3.388887476636512,0.0,8.48190107496518,0.0,0.0065020780187090566,0.0,-3.388887476636512,8.48190107496518,0.0065020780187090566
0.6709999999999815,-3.3933631750902293,0.0,8.477822773035285,0.0,0.003997056024864776,0.0,-3.3933631750902293,8.477822773035285,0.003997056024864776
0.6714999999999814,-3.397816145686363,0.0,8.473775327102771,0.0,0.0015033314037609102,0.0,-3.397816145686363,8.473775327102771,0.0015033314037609102
0.6719999999999814,-3.402246499732769,0.0,8.469758470769051,0.0,-0.0009791410148256574,0.0,-3.402246499732769,8.469758470769051,-0.0009791410148256574
0.6724999999999813,-3.406654347991463,0.0,8.465771940224329,0.0,-0.0034504062833864424,0.0,-3.406654347991463,8.465771940224329,-0.0034504062833864424
0.6729999999999813,-3.411039800683568,0.0,8.46181547421827,0.0,-0.005910509336354508,0.0,-3.411039800683568,8.46181547421827,-0.005910509336354508
0.6734999999999812,-3.415402967494046,0.0,8.457888814030326,0.0,-0.008359494989802485,0.0,-3.415402967494046,8.457888814030326,-0.008359494989802485
0.6739999999999812,-3.4197439575763724,0.0,8.453991703441716,0.0,-0.01079740794111217,0.0,-3.4197439575763724,8.453991703441716,-0.01079740794111217
0.6744999999999811,-3.424062879556857,0.0,8.450123888706685,0.0,-0.013224292768653001,0.0,-3.424062879556857,8.450123888706685,-0.013224292768653001
0.6749999999999811,-3.4283598415389065,0.0,8.44628511852514,0.0,-0.015640193931474755,0.0,-3.4283598415389065,8.44628511852514,-0.015640193931474755
0.675499999999981,-3.4326349511070617,0.0,8.442475144015447,0.0,-0.01804515576897181,0.0,-3.4326349511070617,8.442475144015447,-0.01804515576897181
0.675999999999981,-3.4368883153309184,0.0,8.438693718687176,0.0,-0.020439222500556298,0.0,-3.4368883153309184,8.438693718687176,-0.020439222500556298
0.6764999999999809,-3.4411200407688938,0.0,8.43494059841521,0.0,-0.022822438225370334,0.0,-3.4411200407688938,8.43494059841521,-0.022822438225370334
0.6769999999999808,-3.445330233471765,0.0,8.431215541413508,0.0,-0.02519484692194318,0.0,-3.445330233471765,8.431215541413508,-0.02519484692194318
0.6774999999999808,-3.4495189989862496,0.0,8.427518308209358,0.0,-0.027556492447882164,0.0,-3.4495189989862496,8.427518308209358,-0.027556492447882164
0.6779999999999807,-3.453686442358361,0.0,8.423848661618422,0.0,-0.02990741853957246,0.0,-3.453686442358361,8.423848661618422,-0.02990741853957246
0.6784999999999807,-3.4578326681366462,0.0,8.420206366719867,0.0,-0.03224766881186092,0.0,-3.4578326681366462,8.420206366719867,-0.03224766881186092
0.6789999999999806,-3.461957780375357,0.0,8.416591190831639,0.0,-0.034577286757764725,0.0,-3.461957780375357,8.416591190831639,-0.034577286757764725
0.6794999999999806,-3.46606188263749,0.0,8.413002903486785,0.0,-0.03689631574816232,0.0,-3.46606188263749,8.413002903486785,-0.03689631574816232
0.6799999999999805,-3.4701450779977705,0.0,8.40944127640907,0.0,-0.039204799031500315,0.0,-3.4701450779977705,8.40944127640907,-0.039204799031500315
0.6804999999999805,-3.4742074690455667,0.0,8.405906083490095,0.0,-0.04150277973352878,0.0,-3.4742074690455667,8.405906083490095,-0.04150277973352878
0.6809999999999804,-3.478249157887575,0.0,8.402397100765796,0.0,-0.04379030085698332,0.0,-3.478249157887575,8.402397100765796,-0.04379030085698332
0.6814999999999803,-3.4822702461506623,0.0,8.39891410639379,0.0,-0.04606740528134523,0.0,-3.4822702461506623,8.39891410639379,-0.04606740528134523
0.6819999999999803,-3.486270834984481,0.0,8.395456880630775,0.0,-0.04833413576253598,0.0,-3.486270834984481,8.395456880630775,-0.04833413576253598
0.6824999999999802,-3.4902510250640546,0.0,8.392025205810512,0.0,-0.0505905349327076,0.0,-3.4902510250640546,8.392025205810512,-0.0505905349327076
0.6829999999999802,-3.4942109165922517,0.0,8.38861886632182,0.0,-0.052836645299917606,0.0,-3.4942109165922517,8.38861886632182,-0.052836645299917606
0.6834999999999801,-3.4981506093023143,0.0,8.385237648586667,0.0,-0.05507250924792295,0.0,-3.4981506093023143,8.385237648586667,-0.05507250924792295
0.6839999999999801,-3.502070202460274,0.0,8.381881341039502,0.0,-0.057298169035945534,0.0,-3.502070202460274,8.381881341039502,-0.057298169035945534
0.68449999999998,-3.5059697948672692,0.0,8.378549734105349,0.0,-0.05951366679840042,0.0,-3.5059697948672692,8.378549734105349,-0.05951366679840042
0.68499999999998,-3.5098494848618884,0.0,8.375242620179847,0.0,-0.06171904454468091,0.0,-3.5098494848618884,8.375242620179847,-0.06171904454468091
0.6854999999999799,-3.5137093703223883,0.0,8.371959793608113,0.0,-0.06391434415896136,0.0,-3.5137093703223883,8.371959793608113,-0.06391434415896136
0.6859999999999798,-3.517549548669024,0.0,8.368701050664725,0.0,-0.06609960739994492,0.0,-3.517549548669024,8.368701050664725,-0.06609960739994492
0.6864999999999798,-3.521370116866109,0.0,8.365466189533606,0.0,-0.06827487590067705,0.0,-3.521370116866109,8.365466189533606,-0.06827487590067705
0.6869999999999797,-3.525171171424276,0.0,8.36225501028838,0.0,-0.07044019116835365,0.0,-3.525171171424276,8.36225501028838,-0.07044019116835365
0.6874999999999797,-3.5289528084024937,0.0,8.359067314872533,0.0,-0.07259559458410081,0.0,-3.5289528084024937,8.359067314872533,-0.07259559458410081
0.6879999999999796,-3.5327151234102843,0.0,8.355902907080576,0.0,-0.07474112740282735,0.0,-3.5327151234102843,8.355902907080576,-0.07474112740282735
0.6884999999999796,-3.5364582116095846,0.0,8.352761592538627,0.0,-0.07687683075302054,0.0,-3.5364582116095846,8.352761592538627,-0.07687683075302054
0.6889999999999795,-3.5401821677169636,0.0,8.349643178685596,0.0,-0.07900274563658805,0.0,-3.5401821677169636,8.349643178685596,-0.07900274563658805
0.6894999999999795,-3.543887086005512,0.0,8.346547474754686,0.0,-0.08111891292869622,0.0,-3.543887086005512,8.346547474754686,-0.08111891292869622
0.6899999999999794,-3.547573060306817,0.0,8.343474291754916,0.0,-0.08322537337761737,0.0,-3.547573060306817,8.343474291754916,-0.08322537337761737
0.6904999999999794,-3.551240184012997,0.0,8.34042344245313,0.0,-0.08532216760458233,0.0,-3.551240184012997,8.34042344245313,-0.08532216760458233
0.6909999999999793,-3.554888550078516,0.0,8.337394741355723,0.0,-0.08740933610363832,0.0,-3.554888550078516,8.337394741355723,-0.08740933610363832
0.6914999999999792,-3.5585182510221784,0.0,8.334388004691135,0.0,-0.08948691924152286,0.0,-3.5585182510221784,8.334388004691135,-0.08948691924152286
0.6919999999999792,-3.5621293789289865,0.0,8.331403050392112,0.0,-0.0915549572575518,0.0,-3.5621293789289865,8.331403050392112,-0.0915549572575518
0.6924999999999791,-3.565722025452004,0.0,8.328439698078569,0.0,-0.09361349026348265,0.0,-3.565722025452004,8.328439698078569,-0.09361349026348265
0.6929999999999791,-3.569296281814246,0.0,8.325497769040282,0.0,-0.09566255824341852,0.0,-3.569296281814246,8.325497769040282,-0.09566255824341852
0.693499999999979,-3.572852238810455,0.0,8.322577086219951,0.0,-0.09770220105372296,0.0,-3.572852238810455,8.322577086219951,-0.09770220105372296
0.693999999999979,-3.5763899868089766,0.0,8.319677474196396,0.0,-0.09973245842288136,0.0,-3.5763899868089766,8.319677474196396,-0.09973245842288136
0.6944999999999789,-3.57990961575355,0.0,8.316798759168222,0.0,-0.10175336995147788,0.0,-3.57990961575355,8.316798759168222,-0.10175336995147788
0.6949999999999789,-3.5834112151651567,0.0,8.313940768937044,0.0,-0.10376497511207283,0.0,-3.5834112151651567,8.313940768937044,-0.10376497511207283
0.6954999999999788,-3.586894874143681,0.0,8.31110333289169,0.0,-0.10576731324914057,0.0,-3.586894874143681,8.31110333289169,-0.10576731324914057
0.6959999999999787,-3.5903606813697877,0.0,8.308286281991883,0.0,-0.10776042357901616,0.0,-3.5903606813697877,8.308286281991883,-0.10776042357901616
0.6964999999999787,-3.593808725106669,0.0,8.305489448752411,0.0,-0.10974434518984033,0.0,-3.593808725106669,8.305489448752411,-0.10974434518984033
0.6969999999999786,-3.5972390932017646,0.0,8.302712667227723,0.0,-0.11171911704149728,0.0,-3.5972390932017646,8.302712667227723,-0.11171911704149728
0.6974999999999786,-3.600651873088495,0.0,8.299955772996213,0.0,-0.11368477796559162,0.0,-3.600651873088495,8.299955772996213,-0.11368477796559162
0.6979999999999785,-3.6040471517880235,0.0,8.297218603144842,0.0,-0.11564136666539682,0.0,-3.6040471517880235,8.297218603144842,-0.11564136666539682
0.6984999999999785,-3.607425015910991,0.0,8.294500996254243,0.0,-0.1175889217158268,0.0,-3.607425015910991,8.294500996254243,-0.1175889217158268
0.6989999999999784,-3.6107855516591627,0.0,8.29180279238335,0.0,-0.11952748156343418,0.0,-3.6107855516591627,8.29180279238335,-0.11952748156343418
0.6994999999999784,-3.6141288448272064,0.0,8.289123833054987,0.0,-0.12145708452638893,0.0,-3.6141288448272064,8.289123833054987,-0.12145708452638893
0.6999999999999783,-3.6174549808043537,0.0,8.286463961240969,0.0,-0.1233777687944464,0.0,-3.6174549808043537,8.286463961240969,-0.1233777687944464
0.7004999999999783,-3.6207640445760347,0.0,8.283823021347558,0.0,-0.12528957242899352,0.0,-3.6207640445760347,8.283823021347558,-0.12528957242899352
0.7009999999999782,-3.62405612072574,0.0,8.281200859201306,0.0,-0.12719253336300795,0.0,-3.62405612072574,8.281200859201306,-0.12719253336300795
0.7014999999999781,-3.6273312934364554,0.0,8.278597322034699,0.0,-0.12908668940109536,0.0,-3.6273312934364554,8.278597322034699,-0.12908668940109536
0.7019999999999781,-3.6305896464925382,0.0,8.276012258472235,0.0,-0.13097207821951962,0.0,-3.6305896464925382,8.276012258472235,-0.13097207821951962
0.702499999999978,-3.6338312632812375,0.0,8.27344551851644,0.0,-0.13284873736618685,0.0,-3.6338312632812375,8.27344551851644,-0.13284873736618685
0.702999999999978,-3.6370562267944564,0.0,8.27089695353419,0.0,-0.13471670426072713,0.0,-3.6370562267944564,8.27089695353419,-0.13471670426072713
0.7034999999999779,-3.6402646196302726,0.0,8.268366416243055,0.0,-0.136576016194498,0.0,-3.6402646196302726,8.268366416243055,-0.136576016194498
0.7039999999999779,-3.6434565239948142,0.0,8.265853760698008,0.0,-0.13842671033062537,0.0,-3.6434565239948142,8.265853760698008,-0.13842671033062537
0.7044999999999778,-3.6466320217035957,0.0,8.263358842277967,0.0,-0.1402688237040941,0.0,-3.6466320217035957,8.263358842277967,-0.1402688237040941
0.7049999999999778,-3.649791194183436,0.0,8.260881517672715,0.0,-0.142102393221748,0.0,-3.649791194183436,8.260881517672715,-0.142102393221748
0.7054999999999777,-3.6529341224738516,0.0,8.258421644869912,0.0,-0.14392745566239817,0.0,-3.6529341224738516,8.258421644869912,-0.14392745566239817
0.7059999999999776,-3.656060887228918,0.0,8.255979083142165,0.0,-0.14574404767685145,0.0,-3.656060887228918,8.255979083142165,-0.14574404767685145
0.7064999999999776,-3.659171568718662,0.0,8.253553693034291,0.0,-0.14755220578802586,0.0,-3.659171568718662,8.253553693034291,-0.14755220578802586
0.7069999999999775,-3.662266246830825,0.0,8.251145336350675,0.0,-0.14935196639099324,0.0,-3.662266246830825,8.251145336350675,-0.14935196639099324
0.7074999999999775,-3.66534500107241,0.0,8.248753876143013,0.0,-0.15114336575306986,0.0,-3.66534500107241,8.248753876143013,-0.15114336575306986
0.7079999999999774,-3.668407910571318,0.0,8.246379176697559,0.0,-0.1529264400139283,0.0,-3.668407910571318,8.246379176697559,-0.1529264400139283
0.7084999999999774,-3.671455054077967,0.0,8.244021103523437,0.0,-0.1547012251856561,0.0,-3.671455054077967,8.244021103523437,-0.1547012251856561
0.7089999999999773,-3.6744865099667976,0.0,8.241679523340167,0.0,-0.15646775715289252,0.0,-3.6744865099667976,8.241679523340167,-0.15646775715289252
0.7094999999999773,-3.67750235623798,0.0,8.239354304065927,0.0,-0.15822607167291736,0.0,-3.67750235623798,8.239354304065927,-0.15822607167291736
0.7099999999999772,-3.6805026705189334,0.0,8.2370453148055,0.0,-0.15997620437574156,0.0,-3.6805026705189334,8.2370453148055,-0.15997620437574156
0.7104999999999771,-3.6834875300659036,0.0,8.234752425838963,0.0,-0.16171819076426353,0.0,-3.6834875300659036,8.234752425838963,-0.16171819076426353
0.7109999999999771,-3.6864570117655973,0.0,8.232475508609667,0.0,-0.16345206621435437,0.0,-3.6864570117655973,8.232475508609667,-0.16345206621435437
0.711499999999977,-3.6894111921367028,0.0,8.230214435713066,0.0,-0.16517786597500184,0.0,-3.6894111921367028,8.230214435713066,-0.16517786597500184
0.711999999999977,-3.692350147331524,0.0,8.227969080885373,0.0,-0.16689562516842926,0.0,-3.692350147331524,8.227969080885373,-0.16689562516842926
0.7124999999999769,-3.6952739531374306,0.0,8.225739318992254,0.0,-0.16860537879024662,0.0,-3.6952739531374306,8.225739318992254,-0.16860537879024662
0.7129999999999769,-3.6981826849785904,0.0,8.223525026017796,0.0,-0.17030716170956417,0.0,-3.6981826849785904,8.223525026017796,-0.17030716170956417
0.7134999999999768,-3.7010764179173776,0.0,8.221326079053426,0.0,-0.172001008669163,0.0,-3.7010764179173776,8.221326079053426,-0.172001008669163
0.7139999999999768,-3.703955226655964,0.0,8.219142356287193,0.0,-0.17368695428561942,0.0,-3.703955226655964,8.219142356287193,-0.17368695428561942
0.7144999999999767,-3.7068191855379666,0.0,8.216973736992912,0.0,-0.17536503304948248,0.0,-3.7068191855379666,8.216973736992912,-0.17536503304948248
0.7149999999999767,-3.7096683685498277,0.0,8.21482010151965,0.0,-0.17703527932540375,0.0,-3.7096683685498277,8.21482010151965,-0.17703527932540375
0.7154999999999766,-3.7125028493225045,0.0,8.212681331280947,0.0,-0.17869772735232559,0.0,-3.7125028493225045,8.212681331280947,-0.17869772735232559
0.7159999999999765,-3.7153227011329477,0.0,8.210557308744711,0.0,-0.18035241124361967,0.0,-3.7153227011329477,8.210557308744711,-0.18035241124361967
0.7164999999999765,-3.7181279969055936,0.0,8.208447917422745,0.0,-0.18199936498728064,0.0,-3.7181279969055936,8.208447917422745,-0.18199936498728064
0.7169999999999764,-3.720918809213984,0.0,8.206353041860496,0.0,-0.18363862244608598,0.0,-3.720918809213984,8.206353041860496,-0.18363862244608598
0.7174999999999764,-3.72369521028223,0.0,8.204272567627186,0.0,-0.1852702173577665,0.0,-3.72369521028223,8.204272567627186,-0.1852702173577665
0.7179999999999763,-3.7264572719865043,0.0,8.202206381305558,0.0,-0.18689418333521068,0.0,-3.7264572719865043,8.202206381305558,-0.18689418333521068
0.7184999999999763,-3.7292050658566467,0.0,8.200154370482124,0.0,-0.18851055386662452,0.0,-3.7292050658566467,8.200154370482124,-0.18851055386662452
0.7189999999999762,-3.731938663077628,0.0,8.198116423737474,0.0,-0.19011936231574822,0.0,-3.731938663077628,8.198116423737474,-0.19011936231574822
0.7194999999999762,-3.734658134491042,0.0,8.196092430636355,0.0,-0.19172064192200722,0.0,-3.734658134491042,8.196092430636355,-0.19172064192200722
0.7199999999999761,-3.737363550596612,0.0,8.194082281718352,0.0,-0.1933144258007644,0.0,-3.737363550596612,8.194082281718352,-0.1933144258007644
0.720499999999976,-3.7400549815537545,0.0,8.192085868488363,0.0,-0.19490074694346404,0.0,-3.7400549815537545,8.192085868488363,-0.19490074694346404
0.720999999999976,-3.742732497182999,0.0,8.190103083406939,0.0,-0.19647963821786618,0.0,-3.742732497182999,8.190103083406939,-0.19647963821786618
0.7214999999999759,-3.745396166967481,0.0,8.188133819881415,0.0,-0.19805113236825278,0.0,-3.745396166967481,8.188133819881415,-0.19805113236825278
0.7219999999999759,-3.7480460600544916,0.0,8.18617797225636,0.0,-0.19961526201562307,0.0,-3.7480460600544916,8.18617797225636,-0.19961526201562307
0.7224999999999758,-3.7506822452569253,0.0,8.184235435804851,0.0,-0.20117205965792806,0.0,-3.7506822452569253,8.184235435804851,-0.20117205965792806
0.7229999999999758,-3.7533047910547026,0.0,8.182306106719153,0.0,-0.20272155767025346,0.0,-3.7533047910547026,8.182306106719153,-0.20272155767025346
0.7234999999999757,-3.7559137655963895,0.0,8.180389882101991,0.0,-0.2042637883050702,0.0,-3.7559137655963895,8.180389882101991,-0.2042637883050702
0.7239999999999757,-3.758509236700462,0.0,8.17848665995777,0.0,-0.20579878369245286,0.0,-3.758509236700462,8.17848665995777,-0.20579878369245286
0.7244999999999756,-3.7610912718569836,0.0,8.176596339183675,0.0,-0.20732657584028757,0.0,-3.7610912718569836,8.176596339183675,-0.20732657584028757
0.7249999999999756,-3.763659938228912,0.0,8.174718819561122,0.0,-0.20884719663450824,0.0,-3.763659938228912,8.174718819561122,-0.20884719663450824
0.7254999999999755,-3.7662153026536345,0.0,8.172854001747453,0.0,-0.21036067783934342,0.0,-3.7662153026536345,8.172854001747453,-0.21036067783934342
0.7259999999999754,-3.7687574316443744,0.0,8.171001787267073,0.0,-0.21186705109753845,0.0,-3.7687574316443744,8.171001787267073,-0.21186705109753845
0.7264999999999754,-3.771286391391655,0.0,8.169162078503433,0.0,-0.21336634793056852,0.0,-3.771286391391655,8.169162078503433,-0.21336634793056852
0.7269999999999753,-3.773802247764806,0.0,8.16733477869056,0.0,-0.21485859973893007,0.0,-3.773802247764806,8.16733477869056,-0.21485859973893007
0.7274999999999753,-3.7763050663132276,0.0,8.165519791904956,0.0,-0.216343837802345,0.0,-3.7763050663132276,8.165519791904956,-0.216343837802345
0.7279999999999752,-3.77879491226804,0.0,8.163717023057472,0.0,-0.2178220932799988,0.0,-3.77879491226804,8.163717023057472,-0.2178220932799988
0.7284999999999752,-3.781271850543334,0.0,8.161926377885209,0.0,-0.21929339721083707,0.0,-3.781271850543334,8.161926377885209,-0.21929339721083707
0.7289999999999751,-3.783735945737746,0.0,8.160147762943751,0.0,-0.22075778051376105,0.0,-3.783735945737746,8.160147762943751,-0.22075778051376105
0.7294999999999751,-3.7861872621357264,0.0,8.158381085599103,0.0,-0.22221527398790286,0.0,-3.7861872621357264,8.158381085599103,-0.22221527398790286
0.729999999999975,-3.7886258637091146,0.0,8.156626254020097,0.0,-0.22366590831289557,0.0,-3.7886258637091146,8.156626254020097,-0.22366590831289557
0.730499999999975,-3.79105181411839,0.0,8.154883177170603,0.0,-0.2251097140490934,0.0,-3.79105181411839,8.154883177170603,-0.2251097140490934
0.7309999999999749,-3.7934651767141787,0.0,8.153151764801805,0.0,-0.22654672163787737,0.0,-3.7934651767141787,8.153151764801805,-0.22654672163787737
0.7314999999999748,-3.795866014538646,0.0,8.151431927444918,0.0,-0.22797696140186474,0.0,-3.795866014538646,8.151431927444918,-0.22797696140186474
0.7319999999999748,-3.798254390326875,0.0,8.149723576403574,0.0,-0.22940046354523247,0.0,-3.798254390326875,8.149723576403574,-0.22940046354523247
0.7324999999999747,-3.8006303665082157,0.0,8.148026623746347,0.0,-0.23081725815392318,0.0,-3.8006303665082157,8.148026623746347,-0.23081725815392318
0.7329999999999747,-3.802994005207779,0.0,8.146340982299648,0.0,-0.23222737519596848,0.0,-3.802994005207779,8.146340982299648,-0.23222737519596848
0.7334999999999746,-3.8053453682477283,0.0,8.14466656564042,0.0,-0.23363084452170213,0.0,-3.8053453682477283,8.14466656564042,-0.23363084452170213
0.7339999999999746,-3.8076845171486724,0.0,8.143003288088835,0.0,-0.23502769586409755,0.0,-3.8076845171486724,8.143003288088835,-0.23502769586409755
0.7344999999999745,-3.810011513131087,0.0,8.141351064701382,0.0,-0.23641795883897387,0.0,-3.810011513131087,8.141351064701382,-0.23641795883897387
0.7349999999999745,-3.812326417116566,0.0,8.139709811263856,0.0,-0.23780166294533345,0.0,-3.812326417116566,8.139709811263856,-0.23780166294533345
0.7354999999999744,-3.8146292897293534,0.0,8.138079444284244,0.0,-0.2391788375655981,0.0,-3.8146292897293534,8.138079444284244,-0.2391788375655981
0.7359999999999743,-3.8169201912975836,0.0,8.136459880985996,0.0,-0.24054951196590224,0.0,-3.8169201912975836,8.136459880985996,-0.24054951196590224
0.7364999999999743,-3.819199181854671,0.0,8.134851039301282,0.0,-0.24191371529638772,0.0,-3.819199181854671,8.134851039301282,-0.24191371529638772
0.7369999999999742,-3.821466321140619,0.0,8.13325283786412,0.0,-0.24327147659145965,0.0,-3.821466321140619,8.13325283786412,-0.24327147659145965
0.7374999999999742,-3.82372166860344,0.0,8.131665196003837,0.0,-0.24462282477009545,0.0,-3.82372166860344,8.131665196003837,-0.24462282477009545
0.7379999999999741,-3.8259652834004356,0.0,8.130088033738218,0.0,-0.2459677886361149,0.0,-3.8259652834004356,8.130088033738218,-0.2459677886361149
0.7384999999999741,-3.8281972243995455,0.0,8.128521271767426,0.0,-0.24730639687848743,0.0,-3.8281972243995455,8.128521271767426,-0.24730639687848743
0.738999999999974,-3.8304175501806697,0.0,8.126964831467149,0.0,-0.24863867807160034,0.0,-3.8304175501806697,8.126964831467149,-0.24863867807160034
0.739499999999974,-3.8326263190370327,0.0,8.125418634882351,0.0,-0.24996466067555545,0.0,-3.8326263190370327,8.125418634882351,-0.24996466067555545
0.7399999999999739,-3.834823588976448,0.0,8.123882604721047,0.0,-0.2512843730364924,0.0,-3.834823588976448,8.123882604721047,-0.2512843730364924
0.7404999999999738,-3.837009417722655,0.0,8.122356664347791,0.0,-0.25259784338682145,0.0,-3.837009417722655,8.122356664347791,-0.25259784338682145
0.7409999999999738,-3.839183862716652,0.0,8.120840737777769,0.0,-0.25390509984558207,0.0,-3.839183862716652,8.120840737777769,-0.25390509984558207
0.7414999999999737,-3.8413469811179795,0.0,8.11933474967043,0.0,-0.2552061704186972,0.0,-3.8413469811179795,8.11933474967043,-0.2552061704186972
0.7419999999999737,-3.8434988298060233,0.0,8.117838625323543,0.0,-0.2565010829993071,0.0,-3.8434988298060233,8.117838625323543,-0.2565010829993071
0.7424999999999736,-3.845639465381282,0.0,8.116352290667095,0.0,-0.25778986536801085,0.0,-3.845639465381282,8.116352290667095,-0.25778986536801085
0.7429999999999736,-3.8477689441667167,0.0,8.114875672257455,0.0,-0.2590725451932485,0.0,-3.8477689441667167,8.114875672257455,-0.2590725451932485
0.7434999999999735,-3.849887322209014,0.0,8.113408697271382,0.0,-0.2603491500315229,0.0,-3.849887322209014,8.113408697271382,-0.2603491500315229
0.7439999999999735,-3.8519946552798103,0.0,8.111951293500255,0.0,-0.2616197073277675,0.0,-3.8519946552798103,8.111951293500255,-0.2616197073277675
0.7444999999999734,-3.854090998877055,0.0,8.110503389344188,0.0,-0.2628842444156021,0.0,-3.854090998877055,8.110503389344188,-0.2628842444156021
0.7449999999999734,-3.8561764082262613,0.0,8.109064913806606,0.0,-0.2641427885176739,0.0,-3.8561764082262613,8.109064913806606,-0.2641427885176739
0.7454999999999733,-3.8582509382816568,0.0,8.107635796488239,0.0,-0.26539536674594366,0.0,-3.8582509382816568,8.107635796488239,-0.26539536674594366
0.7459999999999732,-3.8603146437276905,0.0,8.106215967581733,0.0,-0.26664200610199806,0.0,-3.8603146437276905,8.106215967581733,-0.26664200610199806
0.7464999999999732,-3.862367578980013,0.0,8.104805357866013,0.0,-0.2678827334773466,0.0,-3.862367578980013,8.104805357866013,-0.2678827334773466
0.7469999999999731,-3.8644097981869123,0.0,8.103403898700947,0.0,-0.2691175756537696,0.0,-3.8644097981869123,8.103403898700947,-0.2691175756537696
0.7474999999999731,-3.8664413552304637,0.0,8.102011522021769,0.0,-0.27034655930358653,0.0,-3.8664413552304637,8.102011522021769,-0.27034655930358653
0.747999999999973,-3.8684623037278953,0.0,8.10062816033377,0.0,-0.2715697109899793,0.0,-3.8684623037278953,8.10062816033377,-0.2715697109899793
0.748499999999973,-3.870472697032625,0.0,8.099253746706978,0.0,-0.2727870571673101,0.0,-3.870472697032625,8.099253746706978,-0.2727870571673101
0.7489999999999729,-3.8724725882356807,0.0,8.097888214770876,0.0,-0.2739986241814467,0.0,-3.8724725882356807,8.097888214770876,-0.2739986241814467
0.7494999999999729,-3.8744620301668533,0.0,8.096531498709055,0.0,-0.2752044382700447,0.0,-3.8744620301668533,8.096531498709055,-0.2752044382700447
0.7499999999999728,-3.876441075395917,0.0,8.095183533254499,0.0,-0.27640452556288864,0.0,-3.876441075395917,8.095183533254499,-0.27640452556288864
0.7504999999999727,-3.8784097762338092,0.0,8.093844253683926,0.0,-0.277598912082194,0.0,-3.8784097762338092,8.093844253683926,-0.277598912082194
0.7509999999999727,-3.8803681847339107,0.0,8.092513595813074,0.0,-0.27878762374293586,0.0,-3.8803681847339107,8.092513595813074,-0.27878762374293586
0.7514999999999726,-3.8823163526932376,0.0,8.091191495991552,0.0,-0.27997068635314903,0.0,-3.8823163526932376,8.091191495991552,-0.27997068635314903
0.7519999999999726,-3.884254331653665,0.0,8.08987789109807,0.0,-0.2811481256142674,0.0,-3.884254331653665,8.08987789109807,-0.2811481256142674
0.7524999999999725,-3.886182172902977,0.0,8.088572718535318,0.0,-0.2823199671214134,0.0,-3.886182172902977,8.088572718535318,-0.2823199671214134
0.7529999999999725,-3.8880999274763184,0.0,8.087275916225195,0.0,-0.28348623636373915,0.0,-3.8880999274763184,8.087275916225195,-0.28348623636373915
0.7534999999999724,-3.890007646157116,0.0,8.08598742260412,0.0,-0.2846469587247391,0.0,-3.890007646157116,8.08598742260412,-0.2846469587247391
0.7539999999999724,-3.8919053794784446,0.0,8.084707176617968,0.0,-0.28580215948257504,0.0,-3.8919053794784446,8.084707176617968,-0.28580215948257504
0.7544999999999723,-3.893793177724149,0.0,8.083435117717755,0.0,-0.2869518638103763,0.0,-3.893793177724149,8.083435117717755,-0.2869518638103763
0.7549999999999722,-3.8956710909300085,0.0,8.082171185854577,0.0,-0.2880960967765951,0.0,-3.8956710909300085,8.082171185854577,-0.2880960967765951
0.7554999999999722,-3.897539168884933,0.0,8.080915321475516,0.0,-0.2892348833452978,0.0,-3.897539168884933,8.080915321475516,-0.2892348833452978
0.7559999999999721,-3.899397461132054,0.0,8.07966746551844,0.0,-0.2903682483765042,0.0,-3.899397461132054,8.07966746551844,-0.2903682483765042
0.7564999999999721,-3.901246016969978,0.0,8.07842755940797,0.0,-0.29149621662648606,0.0,-3.901246016969978,8.07842755940797,-0.29149621662648606
0.756999999999972,-3.903084885453879,0.0,8.077195545050756,0.0,-0.2926188127481275,0.0,-3.903084885453879,8.077195545050756,-0.2926188127481275
0.757499999999972,-3.9049141153966787,0.0,8.075971364831162,0.0,-0.2937360612912272,0.0,-3.9049141153966787,8.075971364831162,-0.2937360612912272
0.7579999999999719,-3.906733755370169,0.0,8.074754961606857,0.0,-0.294847986702802,0.0,-3.906733755370169,8.074754961606857,-0.294847986702802
0.7584999999999719,-3.908543853706192,0.0,8.073546278704328,0.0,-0.29595461332745465,0.0,-3.908543853706192,8.073546278704328,-0.29595461332745465
0.7589999999999718,-3.9103444584977325,0.0,8.072345259914755,0.0,-0.2970559654076581,0.0,-3.9103444584977325,8.072345259914755,-0.2970559654076581
0.7594999999999718,-3.9121356176000432,0.0,8.071151849489837,0.0,-0.2981520670841107,0.0,-3.9121356176000432,8.071151849489837,-0.2981520670841107
0.7599999999999717,-3.913917378631808,0.0,8.069965992137213,0.0,-0.2992429423960239,0.0,-3.913917378631808,8.069965992137213,-0.2992429423960239
0.7604999999999716,-3.915689788976252,0.0,8.068787633016711,0.0,-0.3003286152814937,0.0,-3.915689788976252,8.068787633016711,-0.3003286152814937
0.7609999999999716,-3.9174528957822616,0.0,8.06761671773586,0.0,-0.3014091095777882,0.0,-3.9174528957822616,8.06761671773586,-0.3014091095777882
0.7614999999999715,-3.919206745965454,0.0,8.066453192346103,0.0,-0.3024844490216907,0.0,-3.919206745965454,8.066453192346103,-0.3024844490216907
0.7619999999999715,-3.920951386209353,0.0,8.065297003338458,0.0,-0.30355465724982444,0.0,-3.920951386209353,8.065297003338458,-0.30355465724982444
0.7624999999999714,-3.9226868629664153,0.0,8.064148097639759,0.0,-0.3046197577989673,0.0,-3.9226868629664153,8.064148097639759,-0.3046197577989673
0.7629999999999714,-3.924413222459208,0.0,8.063006422608595,0.0,-0.3056797741063839,0.0,-3.924413222459208,8.063006422608595,-0.3056797741063839
0.7634999999999713,-3.926130510681446,0.0,8.06187192603133,0.0,-0.30673472951016656,0.0,-3.926130510681446,8.06187192603133,-0.30673472951016656
0.7639999999999713,-3.92783877339906,0.0,8.060744556118237,0.0,-0.3077846472495338,0.0,-3.92783877339906,8.060744556118237,-0.3077846472495338
0.7644999999999712,-3.9295380561513866,0.0,8.05962426149972,0.0,-0.30882955046517324,0.0,-3.9295380561513866,8.05962426149972,-0.30882955046517324
0.7649999999999711,-3.9312284042521384,0.0,8.058510991222334,0.0,-0.30986946219957545,0.0,-3.9312284042521384,8.058510991222334,-0.30986946219957545
0.7654999999999711,-3.9329098627904955,0.0,8.057404694745259,0.0,-0.3109044053973342,0.0,-3.9329098627904955,8.057404694745259,-0.3109044053973342
0.765999999999971,-3.9345824766322437,0.0,8.05630532193635,0.0,-0.31193440290549823,0.0,-3.9345824766322437,8.05630532193635,-0.31193440290549823
0.766499999999971,-3.9362462904207547,0.0,8.055212823068473,0.0,-0.3129594774738962,0.0,-3.9362462904207547,8.055212823068473,-0.3129594774738962
0.7669999999999709,-3.937901348578066,0.0,8.054127148815894,0.0,-0.3139796517554281,0.0,-3.937901348578066,8.054127148815894,-0.3139796517554281
0.7674999999999709,-3.9395476953060466,0.0,8.053048250250725,0.0,-0.31499494830644714,0.0,-3.9395476953060466,8.053048250250725,-0.31499494830644714
0.7679999999999708,-3.9411853745872776,0.0,8.051976078839033,0.0,-0.3160053895870334,0.0,-3.9411853745872776,8.051976078839033,-0.3160053895870334
0.7684999999999708,-3.942814430186189,0.0,8.050910586437794,0.0,-0.3170109979613649,0.0,-3.942814430186189,8.050910586437794,-0.3170109979613649
0.7689999999999707,-3.9444349056500982,0.0,8.04985172529075,0.0,-0.31801179569800553,0.0,-3.9444349056500982,8.04985172529075,-0.31801179569800553
0.7694999999999707,-3.94604684431026,0.0,8.04879944802542,0.0,-0.31900780497025494,0.0,-3.94604684431026,8.04879944802542,-0.31900780497025494
0.7699999999999706,-3.947650289282862,0.0,8.047753707649434,0.0,-0.3199990478564665,0.0,-3.947650289282862,8.047753707649434,-0.3199990478564665
0.7704999999999705,-3.949245283470063,0.0,8.046714457547097,0.0,-0.32098554634038123,0.0,-3.949245283470063,8.046714457547097,-0.32098554634038123
0.7709999999999705,-3.950831869561071,0.0,8.045681651476173,0.0,-0.32196732231142633,0.0,-3.950831869561071,8.045681651476173,-0.32196732231142633
0.7714999999999704,-3.952410090033041,0.0,8.044655243564307,0.0,-0.3229443975650952,0.0,-3.952410090033041,8.044655243564307,-0.3229443975650952
0.7719999999999704,-3.9539799871522803,0.0,8.043635188305814,0.0,-0.32391679380319616,0.0,-3.9539799871522803,8.043635188305814,-0.32391679380319616
0.7724999999999703,-3.9555416029750035,0.0,8.042621440558463,0.0,-0.3248845326342611,0.0,-3.9555416029750035,8.042621440558463,-0.3248845326342611
0.7729999999999703,-3.957094979348625,0.0,8.0416139555401,0.0,-0.32584763557379404,0.0,-3.957094979348625,8.0416139555401,-0.32584763557379404
0.7734999999999702,-3.9586401579125265,0.0,8.040612688825519,0.0,-0.3268061240446549,0.0,-3.9586401579125265,8.040612688825519,-0.3268061240446549
0.7739999999999702,-3.960177180099194,0.0,8.03961759634322,0.0,-0.327760019377358,0.0,-3.960177180099194,8.03961759634322,-0.327760019377358
0.7744999999999701,-3.961706087135127,0.0,8.038628634372259,0.0,-0.32870934281038444,0.0,-3.961706087135127,8.038628634372259,-0.32870934281038444
0.77499999999997,-3.963226920041876,0.0,8.037645759539117,0.0,-0.3296541154905306,0.0,-3.963226920041876,8.037645759539117,-0.3296541154905306
0.77549999999997,-3.964739719637052,0.0,8.036668928814635,0.0,-0.33059435847323115,0.0,-3.964739719637052,8.036668928814635,-0.33059435847323115
0.7759999999999699,-3.966244526535206,0.0,8.035698099510967,0.0,-0.3315300927228524,0.0,-3.966244526535206,8.035698099510967,-0.3315300927228524
0.7764999999999699,-3.96774138114894,0.0,8.03473322927843,0.0,-0.33246133911305265,0.0,-3.96774138114894,8.03473322927843,-0.33246133911305265
0.7769999999999698,-3.969230323689729,0.0,8.033774276102577,0.0,-0.3333881184270737,0.0,-3.969230323689729,8.033774276102577,-0.3333881184270737
0.7774999999999698,-3.9707113941690295,0.0,8.032821198301235,0.0,-0.3343104513581121,0.0,-3.9707113941690295,8.032821198301235,-0.3343104513581121
0.7779999999999697,-3.9721846323991343,0.0,8.03187395452153,0.0,-0.3352283585095641,0.0,-3.9721846323991343,8.03187395452153,-0.3352283585095641
0.7784999999999697,-3.973650077994222,0.0,8.030932503736977,0.0,-0.33614186039541494,0.0,-3.973650077994222,8.030932503736977,-0.33614186039541494
0.7789999999999696,-3.9751077703712383,0.0,8.029996805244593,0.0,-0.33705097744054235,0.0,-3.9751077703712383,8.029996805244593,-0.33705097744054235
0.7794999999999696,-3.976557748750878,0.0,8.029066818662045,0.0,-0.33795572998102763,0.0,-3.976557748750878,8.029066818662045,-0.33795572998102763
0.7799999999999695,-3.978000052158478,0.0,8.028142503924698,0.0,-0.33885613826447525,0.0,-3.978000052158478,8.028142503924698,-0.33885613826447525
0.7804999999999694,-3.979434719425086,0.0,8.027223821283087,0.0,-0.3397522224503433,0.0,-3.979434719425086,8.027223821283087,-0.3397522224503433
0.7809999999999694,-3.9808617891882676,0.0,8.02631073129973,0.0,-0.3406440026102544,0.0,-3.9808617891882676,8.02631073129973,-0.3406440026102544
0.7814999999999693,-3.9822812998930885,0.0,8.025403194846689,0.0,-0.34153149872834376,0.0,-3.9822812998930885,8.025403194846689,-0.34153149872834376
0.7819999999999693,-3.983693289793081,0.0,8.024501173102834,0.0,-0.34241473070152395,0.0,-3.983693289793081,8.024501173102834,-0.34241473070152395
0.7824999999999692,-3.985097796951109,0.0,8.023604627550952,0.0,-0.343293718339865,0.0,-3.985097796951109,8.023604627550952,-0.343293718339865
0.7829999999999692,-3.9864948592403096,0.0,8.022713519975326,0.0,-0.34416848136686085,0.0,-3.9864948592403096,8.022713519975326,-0.34416848136686085
0.7834999999999691,-3.987884514345012,0.0,8.021827812458753,0.0,-0.3450390394197811,0.0,-3.987884514345012,8.021827812458753,-0.3450390394197811
0.783999999999969,-3.9892667997616513,0.0,8.020947467380239,0.0,-0.3459054120499747,0.0,-3.9892667997616513,8.020947467380239,-0.3459054120499747
0.784499999999969,-3.9906417527996894,0.0,8.020072447412275,0.0,-0.3467676187231987,0.0,-3.9906417527996894,8.020072447412275,-0.3467676187231987
0.784999999999969,-3.992009410582469,0.0,8.019202715518247,0.0,-0.3476256788199059,0.0,-3.992009410582469,8.019202715518247,-0.3476256788199059
0.7854999999999689,-3.993369810048179,0.0,8.018338234949908,0.0,-0.3484796116355984,0.0,-3.993369810048179,8.018338234949908,-0.3484796116355984
0.7859999999999688,-3.9947229879507375,0.0,8.017478969244792,0.0,-0.3493294363811206,0.0,-3.9947229879507375,8.017478969244792,-0.3493294363811206
0.7864999999999688,-3.9960689808606134,0.0,8.01662488222388,0.0,-0.3501751721829809,0.0,-3.9960689808606134,8.01662488222388,-0.3501751721829809
0.7869999999999687,-3.9974078251657943,0.0,8.015775937989048,0.0,-0.35101683808366246,0.0,-3.9974078251657943,8.015775937989048,-0.35101683808366246
0.7874999999999687,-3.9987395570726676,0.0,8.014932100920475,0.0,-0.3518544530419323,0.0,-3.9987395570726676,8.014932100920475,-0.3518544530419323
0.7879999999999686,-4.000064212606844,0.0,8.014093335674374,0.0,-0.3526880359331841,0.0,-4.000064212606844,8.014093335674374,-0.3526880359331841
0.7884999999999686,-4.001381827614111,0.0,8.013259607180714,0.0,-0.35351760554971356,0.0,-4.001381827614111,8.013259607180714,-0.35351760554971356
0.7889999999999685,-4.002692437761183,0.0,8.012430880640437,0.0,-0.35434318060104175,0.0,-4.002692437761183,8.012430880640437,-0.35434318060104175
0.7894999999999684,-4.003996078536716,0.0,8.011607121523497,0.0,-0.3551647797142419,0.0,-4.003996078536716,8.011607121523497,-0.3551647797142419
0.7899999999999684,-4.005292785252067,0.0,8.0107882955663,0.0,-0.3559824214342395,0.0,-4.005292785252067,8.0107882955663,-0.3559824214342395
0.7904999999999683,-4.0065825930421965,0.0,8.00997436876952,0.0,-0.35679612422412355,0.0,-4.0065825930421965,8.00997436876952,-0.35679612422412355
0.7909999999999683,-4.007865536866532,0.0,8.009165307395733,0.0,-0.35760590646545865,0.0,-4.007865536866532,8.009165307395733,-0.35760590646545865
0.7914999999999682,-4.0091416515097364,0.0,8.008361077967095,0.0,-0.3584117864585963,0.0,-4.0091416515097364,8.008361077967095,-0.3584117864585963
0.7919999999999682,-4.010410971582743,0.0,8.00756164726323,0.0,-0.35921378242297664,0.0,-4.010410971582743,8.00756164726323,-0.35921378242297664
0.7924999999999681,-4.011673531523385,0.0,8.006766982318993,0.0,-0.3600119124974377,0.0,-4.011673531523385,8.006766982318993,-0.3600119124974377
0.7929999999999681,-4.012929365597373,0.0,8.005977050422217,0.0,-0.3608061947405403,0.0,-4.012929365597373,8.005977050422217,-0.3608061947405403
0.793499999999968,-4.014178507899075,0.0,8.005191819111388,0.0,-0.36159664713085604,0.0,-4.014178507899075,8.005191819111388,-0.36159664713085604
0.793999999999968,-4.015420992352361,0.0,8.004411256173768,0.0,-0.362383287567269,0.0,-4.015420992352361,8.004411256173768,-0.362383287567269
0.7944999999999679,-4.016656852711463,0.0,8.00363532964306,0.0,-0.36316613386931706,0.0,-4.016656852711463,8.00363532964306,-0.36316613386931706
0.7949999999999678,-4.017886122561748,0.0,8.002864007797314,0.0,-0.36394520377744577,0.0,-4.017886122561748,8.002864007797314,-0.36394520377744577
0.7954999999999678,-4.01910883532058,0.0,8.002097259156926,0.0,-0.36472051495336366,0.0,-4.01910883532058,8.002097259156926,-0.36472051495336366
0.7959999999999677,-4.020325024238133,0.0,8.001335052482375,0.0,-0.36549208498031405,0.0,-4.020325024238133,8.001335052482375,-0.36549208498031405
0.7964999999999677,-4.021534722398144,0.0,8.000577356772425,0.0,-0.36625993136338053,0.0,-4.021534722398144,8.000577356772425,-0.36625993136338053
0.7969999999999676,-4.022737962718821,0.0,7.99982414126174,0.0,-0.3670240715298121,0.0,-4.022737962718821,7.99982414126174,-0.3670240715298121
0.7974999999999676,-4.023934777953599,0.0,7.9990753754191815,0.0,-0.3677845228292984,0.0,-4.023934777953599,7.9990753754191815,-0.3677845228292984
0.7979999999999675,-4.025125200691932,0.0,7.998331028945671,0.0,-0.36854130253428785,0.0,-4.025125200691932,7.998331028945671,-0.36854130253428785
0.7984999999999675,-4.0263092633600905,0.0,7.997591071772121,0.0,-0.36929442784027344,0.0,-4.0263092633600905,7.997591071772121,-0.36929442784027344
0.7989999999999674,-4.027486998222017,0.0,7.996855474057639,0.0,-0.3700439158661304,0.0,-4.027486998222017,7.996855474057639,-0.3700439158661304
0.7994999999999673,-4.028658437380045,0.0,7.996124206187517,0.0,-0.3707897836543559,0.0,-4.028658437380045,7.996124206187517,-0.3707897836543559
0.7999999999999673,-4.029823612775701,0.0,7.995397238771204,0.0,-0.3715320481714173,0.0,-4.029823612775701,7.995397238771204,-0.3715320481714173
0.8004999999999672,-4.030982556190551,0.0,7.99467454264061,0.0,-0.3722707263080327,0.0,-4.030982556190551,7.99467454264061,-0.3722707263080327
0.8009999999999672,-4.032135299246875,0.0,7.993956088847881,0.0,-0.3730058348794696,0.0,-4.032135299246875,7.993956088847881,-0.3730058348794696
0.8014999999999671,-4.033281873408541,0.0,7.993241848663985,0.0,-0.373737390625827,0.0,-4.033281873408541,7.993241848663985,-0.373737390625827
0.8019999999999671,-4.034422309981679,0.0,7.992531793576347,0.0,-0.3744654102123697,0.0,-4.034422309981679,7.992531793576347,-0.3744654102123697
0.802499999999967,-4.035556640115644,0.0,7.9918258952874055,0.0,-0.37518991022977133,0.0,-4.035556640115644,7.9918258952874055,-0.37518991022977133
0.802999999999967,-4.0366848948035,0.0,7.99112412571273,0.0,-0.37591090719446996,0.0,-4.0366848948035,7.99112412571273,-0.37591090719446996
0.8034999999999669,-4.037807104883015,0.0,7.990426456978895,0.0,-0.3766284175488863,0.0,-4.037807104883015,7.990426456978895,-0.3766284175488863
0.8039999999999669,-4.038923301037329,0.0,7.989732861422198,0.0,-0.37734245766180585,0.0,-4.038923301037329,7.989732861422198,-0.37734245766180585
0.8044999999999668,-4.040033513795677,0.0,7.989043311586386,0.0,-0.37805304382859006,0.0,-4.040033513795677,7.989043311586386,-0.37805304382859006
0.8049999999999667,-4.041137773534274,0.0,7.988357780221321,0.0,-0.37876019227151403,0.0,-4.041137773534274,7.988357780221321,-0.37876019227151403
0.8054999999999667,-4.042236110476864,0.0,7.987676240280962,0.0,-0.37946391914004884,0.0,-4.042236110476864,7.987676240280962,-0.37946391914004884
0.8059999999999666,-4.0433285546956625,0.0,7.986998664921771,0.0,-0.3801642405111476,0.0,-4.0433285546956625,7.986998664921771,-0.3801642405111476
0.8064999999999666,-4.044415136111937,0.0,7.986325027500953,0.0,-0.38086117238953854,0.0,-4.044415136111937,7.986325027500953,-0.38086117238953854
0.8069999999999665,-4.045495884496873,0.0,7.985655301574866,0.0,-0.3815547307080074,0.0,-4.045495884496873,7.985655301574866,-0.3815547307080074
0.8074999999999665,-4.0465708294722305,0.0,7.984989460897225,0.0,-0.3822449313276888,0.0,-4.0465708294722305,7.984989460897225,-0.3822449313276888
0.8079999999999664,-4.047640000511095,0.0,7.984327479417516,0.0,-0.3829317900383593,0.0,-4.047640000511095,7.984327479417516,-0.3829317900383593
0.8084999999999664,-4.048703426938616,0.0,7.9836693312792875,0.0,-0.3836153225587182,0.0,-4.048703426938616,7.9836693312792875,-0.3836153225587182
0.8089999999999663,-4.049761137932734,0.0,7.983014990818589,0.0,-0.38429554453666803,0.0,-4.049761137932734,7.983014990818589,-0.38429554453666803
0.8094999999999662,-4.050813162524875,0.0,7.9823644325623775,0.0,-0.38497247154961123,0.0,-4.050813162524875,7.9823644325623775,-0.38497247154961123
0.8099999999999662,-4.051859529600719,0.0,7.9817176312268145,0.0,-0.38564611910473445,0.0,-4.051859529600719,7.9817176312268145,-0.38564611910473445
0.8104999999999661,-4.05290026790081,0.0,7.981074561715786,0.0,-0.386316502639275,0.0,-4.05290026790081,7.981074561715786,-0.386316502639275
0.8109999999999661,-4.053935406021438,0.0,7.98043519911937,0.0,-0.38698363752081555,0.0,-4.053935406021438,7.98043519911937,-0.38698363752081555
0.811499999999966,-4.054964972415149,0.0,7.9797995187120705,0.0,-0.38764753904757043,0.0,-4.054964972415149,7.9797995187120705,-0.38764753904757043
0.811999999999966,-4.05598899539163,0.0,7.979167495951515,0.0,-0.38830822244866425,0.0,-4.05598899539163,7.979167495951515,-0.38830822244866425
0.8124999999999659,-4.057007503118271,0.0,7.978539106476859,0.0,-0.3889657028843967,0.0,-4.057007503118271,7.978539106476859,-0.3889657028843967
0.8129999999999659,-4.058020523620996,0.0,7.977914326107168,0.0,-0.38961999544655335,0.0,-4.058020523620996,7.977914326107168,-0.38961999544655335
0.8134999999999658,-4.059028084784742,0.0,7.97729313084011,0.0,-0.39027111515865087,0.0,-4.059028084784742,7.97729313084011,-0.39027111515865087
0.8139999999999658,-4.060030214354455,0.0,7.976675496850277,0.0,-0.3909190769762354,0.0,-4.060030214354455,7.976675496850277,-0.3909190769762354
0.8144999999999657,-4.061026939935502,0.0,7.976061400487822,0.0,-0.3915638957871508,0.0,-4.061026939935502,7.976061400487822,-0.3915638957871508
0.8149999999999656,-4.0620182889945085,0.0,7.975450818277125,0.0,-0.392205586411837,0.0,-4.0620182889945085,7.975450818277125,-0.392205586411837
0.8154999999999656,-4.06300428886,0.0,7.974843726915026,0.0,-0.3928441636035558,0.0,-4.06300428886,7.974843726915026,-0.3928441636035558
0.8159999999999655,-4.063984966723055,0.0,7.974240103269722,0.0,-0.39347964204872454,0.0,-4.063984966723055,7.974240103269722,-0.39347964204872454
0.8164999999999655,-4.064960349638042,0.0,7.973639924379228,0.0,-0.39411203636715086,0.0,-4.064960349638042,7.973639924379228,-0.39411203636715086
0.8169999999999654,-4.065930464523262,0.0,7.973043167449845,0.0,-0.39474136111232205,0.0,-4.065930464523262,7.973043167449845,-0.39474136111232205
0.8174999999999654,-4.066895338161544,0.0,7.972449809855021,0.0,-0.39536763077167514,0.0,-4.066895338161544,7.972449809855021,-0.39536763077167514
0.8179999999999653,-4.067854997201039,0.0,7.971859829133791,0.0,-0.39599085976685977,0.0,-4.067854997201039,7.971859829133791,-0.39599085976685977
0.8184999999999653,-4.068809468155806,0.0,7.971273202989465,0.0,-0.3966110624540242,0.0,-4.068809468155806,7.971273202989465,-0.3966110624540242
0.8189999999999652,-4.069758777406491,0.0,7.970689909288353,0.0,-0.39722825312406584,0.0,-4.069758777406491,7.970689909288353,-0.39722825312406584
0.8194999999999651,-4.070702951200957,0.0,7.970109926058228,0.0,-0.39784244600293484,0.0,-4.070702951200957,7.970109926058228,-0.39784244600293484
0.8199999999999651,-4.071642015654987,0.0,7.9695332314871905,0.0,-0.39845365525185095,0.0,-4.071642015654987,7.9695332314871905,-0.39845365525185095
0.820499999999965,-4.072575996752903,0.0,7.968959803922303,0.0,-0.3990618949676268,0.0,-4.072575996752903,7.968959803922303,-0.3990618949676268
0.820999999999965,-4.073504920348171,0.0,7.968389621868312,0.0,-0.3996671791828881,0.0,-4.073504920348171,7.968389621868312,-0.3996671791828881
0.8214999999999649,-4.074428812164157,0.0,7.9678226639861975,0.0,-0.4002695218663739,0.0,-4.074428812164157,7.9678226639861975,-0.4002695218663739
0.8219999999999649,-4.075347697794697,0.0,7.96725890909218,0.0,-0.40086893692317105,0.0,-4.075347697794697,7.96725890909218,-0.40086893692317105
0.8224999999999648,-4.076261602704662,0.0,7.966698336156071,0.0,-0.40146543819501446,0.0,-4.076261602704662,7.966698336156071,-0.40146543819501446
0.8229999999999648,-4.077170552230783,0.0,7.9661409243004755,0.0,-0.4020590394605179,0.0,-4.077170552230783,7.9661409243004755,-0.4020590394605179
0.8234999999999647,-4.078074571582107,0.0,7.965586652799118,0.0,-0.4026497544354548,0.0,-4.078074571582107,7.965586652799118,-0.4026497544354548
0.8239999999999646,-4.07897368584068,0.0,7.965035501075903,0.0,-0.4032375967730104,0.0,-4.07897368584068,7.965035501075903,-0.4032375967730104
0.8244999999999646,-4.07986791996224,0.0,7.964487448703608,0.0,-0.4038225800640607,0.0,-4.07986791996224,7.964487448703608,-0.4038225800640607
0.8249999999999645,-4.080757298776703,0.0,7.963942475402547,0.0,-0.40440471783739973,0.0,-4.080757298776703,7.963942475402547,-0.40440471783739973
0.8254999999999645,-4.081641846988944,0.0,7.963400561039549,0.0,-0.40498402356003993,0.0,-4.081641846988944,7.963400561039549,-0.40498402356003993
0.8259999999999644,-4.082521589179308,0.0,7.962861685626734,0.0,-0.40556051063744114,0.0,-4.082521589179308,7.962861685626734,-0.40556051063744114
0.8264999999999644,-4.083396549804263,0.0,7.9623258293202355,0.0,-0.4061341924137736,0.0,-4.083396549804263,7.9623258293202355,-0.4061341924137736
0.8269999999999643,-4.0842667531969425,0.0,7.96179297241909,0.0,-0.4067050821721878,0.0,-4.0842667531969425,7.96179297241909,-0.4067050821721878
0.8274999999999643,-4.085132223567896,0.0,7.961263095364188,0.0,-0.4072731931350546,0.0,-4.085132223567896,7.961263095364188,-0.4072731931350546
0.8279999999999642,-4.085992985005518,0.0,7.96073617873688,0.0,-0.40783853846423135,0.0,-4.085992985005518,7.96073617873688,-0.40783853846423135
0.8284999999999642,-4.086849061476812,0.0,7.960212203258152,0.0,-0.4084011312613143,0.0,-4.086849061476812,7.960212203258152,-0.4084011312613143
0.8289999999999641,-4.087700476827919,0.0,7.959691149787147,0.0,-0.408960984567889,0.0,-4.087700476827919,7.959691149787147,-0.408960984567889
0.829499999999964,-4.088547254784686,0.0,7.9591729993204865,0.0,-0.40951811136578087,0.0,-4.088547254784686,7.9591729993204865,-0.40951811136578087
0.829999999999964,-4.089389418953289,0.0,7.958657732990645,0.0,-0.41007252457732335,0.0,-4.089389418953289,7.958657732990645,-0.41007252457732335
0.8304999999999639,-4.0902269928208455,0.0,7.958145332065357,0.0,-0.41062423706558704,0.0,-4.0902269928208455,7.958145332065357,-0.41062423706558704
0.8309999999999639,-4.091059999755984,0.0,7.957635777946109,0.0,-0.41117326163464085,0.0,-4.091059999755984,7.957635777946109,-0.41117326163464085
0.8314999999999638,-4.091888463009397,0.0,7.957129052167403,0.0,-0.41171961102981314,0.0,-4.091888463009397,7.957129052167403,-0.41171961102981314
0.8319999999999638,-4.092712405714536,0.0,7.956625136395473,0.0,-0.4122632979379155,0.0,-4.092712405714536,7.956625136395473,-0.4122632979379155
0.8324999999999637,-4.093531850888013,0.0,7.956124012427324,0.0,-0.41280433498750924,0.0,-4.093531850888013,7.956124012427324,-0.41280433498750924
0.8329999999999637,-4.094346821430321,0.0,7.955625662189618,0.0,-0.41334273474915406,0.0,-4.094346821430321,7.955625662189618,-0.41334273474915406
0.8334999999999636,-4.095157340126391,0.0,7.955130067737741,0.0,-0.4138785097356372,0.0,-4.095157340126391,7.955130067737741,-0.4138785097356372
0.8339999999999635,-4.095963429646119,0.0,7.954637211254635,0.0,-0.4144116724022311,0.0,-4.095963429646119,7.954637211254635,-0.4144116724022311
0.8344999999999635,-4.096765112544944,0.0,7.954147075049917,0.0,-0.41494223514694184,0.0,-4.096765112544944,7.954147075049917,-0.41494223514694184
0.8349999999999634,-4.097562411264406,0.0,7.953659641558829,0.0,-0.4154702103107475,0.0,-4.097562411264406,7.953659641558829,-0.4154702103107475
0.8354999999999634,-4.098355348132756,0.0,7.953174893341071,0.0,-0.41599561017783593,0.0,-4.098355348132756,7.953174893341071,-0.41599561017783593
0.8359999999999633,-4.099143945365512,0.0,7.952692813080148,0.0,-0.41651844697585716,0.0,-4.099143945365512,7.952692813080148,-0.41651844697585716
0.8364999999999633,-4.099928225065938,0.0,7.952213383582034,0.0,-0.4170387328761578,0.0,-4.099928225065938,7.952213383582034,-0.4170387328761578
0.8369999999999632,-4.100708209225715,0.0,7.9517365877744055,0.0,-0.41755647999402257,0.0,-4.100708209225715,7.9517365877744055,-0.41755647999402257
0.8374999999999632,-4.101483919725382,0.0,7.951262408705645,0.0,-0.41807170038892494,0.0,-4.101483919725382,7.951262408705645,-0.41807170038892494
0.8379999999999631,-4.102255378335002,0.0,7.9507908295437915,0.0,-0.4185844060647401,0.0,-4.102255378335002,7.9507908295437915,-0.4185844060647401
0.838499999999963,-4.1030226067145605,0.0,7.950321833575771,0.0,-0.41909460897001516,0.0,-4.1030226067145605,7.950321833575771,-0.41909460897001516
0.838999999999963,-4.103785626414677,0.0,7.949855404206261,0.0,-0.4196023209981856,0.0,-4.103785626414677,7.949855404206261,-0.4196023209981856
0.8394999999999629,-4.104544458877044,0.0,7.949391524956866,0.0,-0.4201075539878012,0.0,-4.104544458877044,7.949391524956866,-0.4201075539878012
0.8399999999999629,-4.105299125434996,0.0,7.948930179465151,0.0,-0.4206103197228117,0.0,-4.105299125434996,7.948930179465151,-0.4206103197228117
0.8404999999999628,-4.106049647314009,0.0,7.948471351483704,0.0,-0.42111062993273407,0.0,-4.106049647314009,7.948471351483704,-0.42111062993273407
0.8409999999999628,-4.106796045632336,0.0,7.948015024879453,0.0,-0.4216084962929365,0.0,-4.106796045632336,7.948015024879453,-0.4216084962929365
0.8414999999999627,-4.10753834140138,0.0,7.947561183632388,0.0,-0.4221039304248535,0.0,-4.10753834140138,7.947561183632388,-0.4221039304248535
0.8419999999999627,-4.108276555526416,0.0,7.947109811834963,0.0,-0.42259694389621316,0.0,-4.108276555526416,7.947109811834963,-0.42259694389621316
0.8424999999999626,-4.109010708806963,0.0,7.946660893690989,0.0,-0.4230875482212806,0.0,-4.109010708806963,7.946660893690989,-0.4230875482212806
0.8429999999999626,-4.109740821937336,0.0,7.946214413515065,0.0,-0.4235757548610817,0.0,-4.109740821937336,7.946214413515065,-0.4235757548610817
0.8434999999999625,-4.110466915507288,0.0,7.9457703557313835,0.0,-0.42406157522364296,0.0,-4.110466915507288,7.9457703557313835,-0.42406157522364296
0.8439999999999624,-4.111189010002349,0.0,7.945328704873077,0.0,-0.42454502066419586,0.0,-4.111189010002349,7.945328704873077,-0.42454502066419586
0.8444999999999624,-4.111907125804478,0.0,7.944889445581282,0.0,-0.42502610248542716,0.0,-4.111907125804478,7.944889445581282,-0.42502610248542716
0.8449999999999623,-4.112621283192482,0.0,7.944452562604312,0.0,-0.42550483193771527,0.0,-4.112621283192482,7.944452562604312,-0.42550483193771527
0.8454999999999623,-4.11333150234266,0.0,7.944018040796806,0.0,-0.4259812202193167,0.0,-4.11333150234266,7.944018040796806,-0.4259812202193167
0.8459999999999622,-4.1140378033291825,0.0,7.943585865118962,0.0,-0.4264552784766451,0.0,-4.1140378033291825,7.943585865118962,-0.4264552784766451
0.8464999999999622,-4.1147402061246225,0.0,7.943156020635513,0.0,-0.426927017804438,0.0,-4.1147402061246225,7.943156020635513,-0.426927017804438
0.8469999999999621,-4.1154387306005304,0.0,7.942728492515215,0.0,-0.4273964492460465,0.0,-4.1154387306005304,7.942728492515215,-0.4273964492460465
0.8474999999999621,-4.116133396527857,0.0,7.942303266029882,0.0,-0.4278635837935987,0.0,-4.116133396527857,7.942303266029882,-0.4278635837935987
0.847999999999962,-4.116824223577524,0.0,7.941880326553388,0.0,-0.4283284323882537,0.0,-4.116824223577524,7.941880326553388,-0.4283284323882537
0.848499999999962,-4.117511231320876,0.0,7.94145965956136,0.0,-0.42879100592042363,0.0,-4.117511231320876,7.94145965956136,-0.42879100592042363
0.8489999999999619,-4.118194439230123,0.0,7.941041250629837,0.0,-0.42925131522997617,0.0,-4.118194439230123,7.941041250629837,-0.42925131522997617
0.8494999999999618,-4.118873866678953,0.0,7.940625085434846,0.0,-0.4297093711064832,0.0,-4.118873866678953,7.940625085434846,-0.4297093711064832
0.8499999999999618,-4.119549532942997,0.0,7.940211149751519,0.0,-0.43016518428940564,0.0,-4.119549532942997,7.940211149751519,-0.43016518428940564
0.8504999999999617,-4.120221457200188,0.0,7.939799429453416,0.0,-0.4306187654683509,0.0,-4.120221457200188,7.939799429453416,-0.4306187654683509
0.8509999999999617,-4.120889658531439,0.0,7.939389910511466,0.0,-0.4310701252832505,0.0,-4.120889658531439,7.939389910511466,-0.4310701252832505
0.8514999999999616,-4.121554155920975,0.0,7.938982578993745,0.0,-0.43151927432460724,0.0,-4.121554155920975,7.938982578993745,-0.43151927432460724
0.8519999999999616,-4.12221496825687,0.0,7.938577421064053,0.0,-0.43196622313369915,0.0,-4.12221496825687,7.938577421064053,-0.43196622313369915
0.8524999999999615,-4.122872114331557,0.0,7.9381744229818025,0.0,-0.4324109822027964,0.0,-4.122872114331557,7.9381744229818025,-0.4324109822027964
0.8529999999999615,-4.123525612842229,0.0,7.937773571100848,0.0,-0.43285356197536906,0.0,-4.123525612842229,7.937773571100848,-0.43285356197536906
0.8534999999999614,-4.124175482391394,0.0,7.937374851869038,0.0,-0.43329397284632165,0.0,-4.124175482391394,7.937374851869038,-0.43329397284632165
0.8539999999999613,-4.124821741487281,0.0,7.936978251827298,0.0,-0.4337322251621831,0.0,-4.124821741487281,7.936978251827298,-0.4337322251621831
0.8544999999999613,-4.12546440854436,0.0,7.9365837576089575,0.0,-0.43416832922132187,0.0,-4.12546440854436,7.9365837576089575,-0.43416832922132187
0.8549999999999612,-4.126103501883762,0.0,7.936191355939144,0.0,-0.43460229527418015,0.0,-4.126103501883762,7.936191355939144,-0.43460229527418015
0.8554999999999612,-4.126739039733835,0.0,7.9358010336340215,0.0,-0.43503413352346065,0.0,-4.126739039733835,7.9358010336340215,-0.43503413352346065
0.8559999999999611,-4.127371040230457,0.0,7.935412777599964,0.0,-0.43546385412433075,0.0,-4.127371040230457,7.935412777599964,-0.43546385412433075
0.8564999999999611,-4.127999521417621,0.0,7.935026574833046,0.0,-0.43589146718466765,0.0,-4.127999521417621,7.935026574833046,-0.43589146718466765
0.856999999999961,-4.1286245012478275,0.0,7.934642412418327,0.0,-0.4363169827652218,0.0,-4.1286245012478275,7.934642412418327,-0.4363169827652218
0.857499999999961,-4.129245997582629,0.0,7.9342602775290345,0.0,-0.43674041087986737,0.0,-4.129245997582629,7.9342602775290345,-0.43674041087986737
0.8579999999999609,-4.129864028192955,0.0,7.933880157426103,0.0,-0.4371617614957657,0.0,-4.129864028192955,7.933880157426103,-0.4371617614957657
0.8584999999999608,-4.130478610759653,0.0,7.933502039457295,0.0,-0.4375810445336086,0.0,-4.130478610759653,7.933502039457295,-0.4375810445336086
0.8589999999999608,-4.1310897628738985,0.0,7.933125911056578,0.0,-0.43799826986779955,0.0,-4.1310897628738985,7.933125911056578,-0.43799826986779955
0.8594999999999607,-4.131697502037696,0.0,7.932751759743695,0.0,-0.4384134473266741,0.0,-4.131697502037696,7.932751759743695,-0.4384134473266741
0.8599999999999607,-4.132301845664244,0.0,7.932379573123171,0.0,-0.4388265866926879,0.0,-4.132301845664244,7.932379573123171,-0.4388265866926879
0.8604999999999606,-4.132902811078466,0.0,7.9320093388839155,0.0,-0.43923769770263377,0.0,-4.132902811078466,7.9320093388839155,-0.43923769770263377
0.8609999999999606,-4.1335004155173465,0.0,7.931641044798511,0.0,-0.43964679004783846,0.0,-4.1335004155173465,7.931641044798511,-0.43964679004783846
0.8614999999999605,-4.134094676130488,0.0,7.931274678722474,0.0,-0.44005387337434954,0.0,-4.134094676130488,7.931274678722474,-0.44005387337434954
0.8619999999999605,-4.13468560998048,0.0,7.930910228593859,0.0,-0.4404589572831661,0.0,-4.13468560998048,7.930910228593859,-0.4404589572831661
0.8624999999999604,-4.1352732340432965,0.0,7.930547682432319,0.0,-0.4408620513304129,0.0,-4.1352732340432965,7.930547682432319,-0.4408620513304129
0.8629999999999604,-4.135857565208809,0.0,7.93018702833885,0.0,-0.4412631650275447,0.0,-4.135857565208809,7.93018702833885,-0.4412631650275447
0.8634999999999603,-4.136438620281169,0.0,7.929828254494822,0.0,-0.44166230784156113,0.0,-4.136438620281169,7.929828254494822,-0.44166230784156113
0.8639999999999602,-4.137016415979261,0.0,7.9294713491616164,0.0,-0.44205948919516835,0.0,-4.137016415979261,7.9294713491616164,-0.44205948919516835
0.8644999999999602,-4.137590968937133,0.0,7.929116300679937,0.0,-0.4424547184670242,0.0,-4.137590968937133,7.929116300679937,-0.4424547184670242
0.8649999999999601,-4.138162295704319,0.0,7.928763097469215,0.0,-0.4428480049918875,0.0,-4.138162295704319,7.928763097469215,-0.4428480049918875
0.8654999999999601,-4.138730412746483,0.0,7.928411728026958,0.0,-0.4432393580608416,0.0,-4.138730412746483,7.928411728026958,-0.4432393580608416
0.86599999999996,-4.139295336445599,0.0,7.92806218092835,0.0,-0.443628786921483,0.0,-4.139295336445599,7.92806218092835,-0.443628786921483
0.86649999999996,-4.139857083100495,0.0,7.927714444825426,0.0,-0.4440163007781024,0.0,-4.139857083100495,7.927714444825426,-0.4440163007781024
0.8669999999999599,-4.140415668927247,0.0,7.927368508446619,0.0,-0.44440190879190133,0.0,-4.140415668927247,7.927368508446619,-0.44440190879190133
0.8674999999999599,-4.14097111005961,0.0,7.927024360596192,0.0,-0.44478562008116107,0.0,-4.14097111005961,7.927024360596192,-0.44478562008116107
0.8679999999999598,-4.141523422549383,0.0,7.926681990153668,0.0,-0.445167443721445,0.0,-4.141523422549383,7.926681990153668,-0.445167443721445
0.8684999999999597,-4.142072622366854,0.0,7.926341386073233,0.0,-0.4455473887457888,0.0,-4.142072622366854,7.926341386073233,-0.4455473887457888
0.8689999999999597,-4.142618725401221,0.0,7.9260025373831695,0.0,-0.44592546414488865,0.0,-4.142618725401221,7.9260025373831695,-0.44592546414488865
0.8694999999999596,-4.143161747460979,0.0,7.925665433185344,0.0,-0.4463016788673002,0.0,-4.143161747460979,7.925665433185344,-0.4463016788673002
0.8699999999999596,-4.143701704274278,0.0,7.925330062654609,0.0,-0.4466760418195985,0.0,-4.143701704274278,7.925330062654609,-0.4466760418195985
0.8704999999999595,-4.144238611489428,0.0,7.924996415038436,0.0,-0.4470485618666018,0.0,-4.144238611489428,7.924996415038436,-0.4470485618666018
0.8709999999999595,-4.144772484675158,0.0,7.9246644796559735,0.0,-0.4474192478315313,0.0,-4.144772484675158,7.9246644796559735,-0.4474192478315313
0.8714999999999594,-4.145303339321202,0.0,7.9243342458979384,0.0,-0.4477881084962103,0.0,-4.145303339321202,7.9243342458979384,-0.4477881084962103
0.8719999999999594,-4.145831190838521,0.0,7.92400570322593,0.0,-0.44815515260125416,0.0,-4.145831190838521,7.92400570322593,-0.44815515260125416
0.8724999999999593,-4.14635605455976,0.0,7.923678841171693,0.0,-0.4485203888462319,0.0,-4.14635605455976,7.923678841171693,-0.4485203888462319
0.8729999999999593,-4.146877945739703,0.0,7.9233536493370025,0.0,-0.44888382588987774,0.0,-4.146877945739703,7.9233536493370025,-0.44888382588987774
0.8734999999999592,-4.147396879555544,0.0,7.923030117392784,0.0,-0.4492454723502668,0.0,-4.147396879555544,7.923030117392784,-0.4492454723502668
0.8739999999999591,-4.147912871107366,0.0,7.922708235078829,0.0,-0.4496053368049715,0.0,-4.147912871107366,7.922708235078829,-0.4496053368049715
0.8744999999999591,-4.148425935418487,0.0,7.922387992203113,0.0,-0.4499634277912872,0.0,-4.148425935418487,7.922387992203113,-0.4499634277912872
0.874999999999959,-4.148936087435899,0.0,7.9220693786414245,0.0,-0.4503197538063777,0.0,-4.148936087435899,7.9220693786414245,-0.4503197538063777
0.875499999999959,-4.149443342030523,0.0,7.921752384336827,0.0,-0.4506743233074779,0.0,-4.149443342030523,7.921752384336827,-0.4506743233074779
0.8759999999999589,-4.149947713997761,0.0,7.9214369992991465,0.0,-0.4510271447120555,0.0,-4.149947713997761,7.9214369992991465,-0.4510271447120555
0.8764999999999589,-4.15044921805773,0.0,7.921123213604432,0.0,-0.45137822639799907,0.0,-4.15044921805773,7.921123213604432,-0.45137822639799907
0.8769999999999588,-4.150947868855724,0.0,7.920811017394527,0.0,-0.4517275767038029,0.0,-4.150947868855724,7.920811017394527,-0.4517275767038029
0.8774999999999588,-4.151443680962572,0.0,7.9205004008766196,0.0,-0.4520752039287306,0.0,-4.151443680962572,7.9205004008766196,-0.4520752039287306
0.8779999999999587,-4.1519366688749955,0.0,7.920191354322668,0.0,-0.45242111633300297,0.0,-4.1519366688749955,7.920191354322668,-0.45242111633300297
0.8784999999999586,-4.1524268470159456,0.0,7.919883868069007,0.0,-0.4527653221379637,0.0,-4.1524268470159456,7.919883868069007,-0.4527653221379637
0.8789999999999586,-4.152914229735089,0.0,7.91957793251575,0.0,-0.4531078295262674,0.0,-4.152914229735089,7.91957793251575,-0.4531078295262674
0.8794999999999585,-4.153398831309033,0.0,7.919273538126532,0.0,-0.453448646642034,0.0,-4.153398831309033,7.919273538126532,-0.453448646642034
0.8799999999999585,-4.153880665941827,0.0,7.9189706754278575,0.0,-0.4537877815910516,0.0,-4.153880665941827,7.9189706754278575,-0.4537877815910516
0.8804999999999584,-4.15435974776517,0.0,7.918669335008673,0.0,-0.4541252424409219,0.0,-4.15435974776517,7.918669335008673,-0.4541252424409219
0.8809999999999584,-4.154836090838955,0.0,7.918369507519969,0.0,-0.45446103722125564,0.0,-4.154836090838955,7.918369507519969,-0.45446103722125564
0.8814999999999583,-4.155309709151496,0.0,7.9180711836743285,0.0,-0.4547951739238165,0.0,-4.155309709151496,7.9180711836743285,-0.4547951739238165
0.8819999999999583,-4.155780616619907,0.0,7.917774354245324,0.0,-0.4551276605027237,0.0,-4.155780616619907,7.917774354245324,-0.4551276605027237
0.8824999999999582,-4.156248827090536,0.0,7.917479010067353,0.0,-0.4554585048745974,0.0,-4.156248827090536,7.917479010067353,-0.4554585048745974
0.8829999999999582,-4.156714354339215,0.0,7.917185142034896,0.0,-0.45578771491874903,0.0,-4.156714354339215,7.917185142034896,-0.45578771491874903
0.8834999999999581,-4.157177212071687,0.0,7.916892741102288,0.0,-0.4561152984773251,0.0,-4.157177212071687,7.916892741102288,-0.4561152984773251
0.883999999999958,-4.1576374139239505,0.0,7.916601798283182,0.0,-0.4564412633555044,0.0,-4.1576374139239505,7.916601798283182,-0.4564412633555044
0.884499999999958,-4.158094973462553,0.0,7.916312304650148,0.0,-0.4567656173216399,0.0,-4.158094973462553,7.916312304650148,-0.4567656173216399
0.8849999999999579,-4.158549904185037,0.0,7.916024251334221,0.0,-0.45708836810744735,0.0,-4.158549904185037,7.916024251334221,-0.45708836810744735
0.8854999999999579,-4.159002219520218,0.0,7.9157376295245,0.0,-0.45740952340814545,0.0,-4.159002219520218,7.9157376295245,-0.45740952340814545
0.8859999999999578,-4.159451932828446,0.0,7.915452430467781,0.0,-0.45772909088265656,0.0,-4.159451932828446,7.915452430467781,-0.45772909088265656
0.8864999999999578,-4.159899057402242,0.0,7.915168645467986,0.0,-0.45804707815373114,0.0,-4.159899057402242,7.915168645467986,-0.45804707815373114
0.8869999999999577,-4.160343606466228,0.0,7.914886265885855,0.0,-0.4583634928081519,0.0,-4.160343606466228,7.914886265885855,-0.4583634928081519
0.8874999999999577,-4.160785593177849,0.0,7.914605283138599,0.0,-0.458678342396869,0.0,-4.160785593177849,7.914605283138599,-0.458678342396869
0.8879999999999576,-4.161225030627477,0.0,7.914325688699279,0.0,-0.45899163443516144,0.0,-4.161225030627477,7.914325688699279,-0.45899163443516144
0.8884999999999575,-4.161661931838779,0.0,7.914047474096691,0.0,-0.4593033764028345,0.0,-4.161661931838779,7.914047474096691,-0.4593033764028345
0.8889999999999575,-4.162096309769211,0.0,7.913770630914712,0.0,-0.4596135757443349,0.0,-4.162096309769211,7.913770630914712,-0.4596135757443349
0.8894999999999574,-4.162528177310094,0.0,7.913495150791988,0.0,-0.45992223986893777,0.0,-4.162528177310094,7.913495150791988,-0.45992223986893777
0.8899999999999574,-4.162957547287149,0.0,7.913221025421592,0.0,-0.4602293761509113,0.0,-4.162957547287149,7.913221025421592,-0.4602293761509113
0.8904999999999573,-4.163384432460802,0.0,7.912948246550627,0.0,-0.4605349919296522,0.0,-4.163384432460802,7.912948246550627,-0.4605349919296522
0.8909999999999573,-4.163808845526361,0.0,7.9126768059796575,0.0,-0.4608390945098755,0.0,-4.163808845526361,7.9126768059796575,-0.4608390945098755
0.8914999999999572,-4.164230799114563,0.0,7.912406695562623,0.0,-0.461141691161739,0.0,-4.164230799114563,7.912406695562623,-0.461141691161739
0.8919999999999572,-4.16465030579171,0.0,7.9121379072062155,0.0,-0.46144278912103687,0.0,-4.16465030579171,7.9121379072062155,-0.46144278912103687
0.8924999999999571,-4.165067378060158,0.0,7.91187043286962,0.0,-0.46174239558932584,0.0,-4.165067378060158,7.91187043286962,-0.46174239558932584
0.892999999999957,-4.16548202835844,0.0,7.911604264564033,0.0,-0.4620405177340903,0.0,-4.16548202835844,7.911604264564033,-0.4620405177340903
0.893499999999957,-4.165894269061809,0.0,7.9113393943524954,0.0,-0.46233716268891634,0.0,-4.165894269061809,7.9113393943524954,-0.46233716268891634
0.8939999999999569,-4.166304112482351,0.0,7.9110758143492035,0.0,-0.462632337553611,0.0,-4.166304112482351,7.9110758143492035,-0.462632337553611
0.8944999999999569,-4.1667115708695235,0.0,7.910813516719486,0.0,-0.4629260493943921,0.0,-4.1667115708695235,7.910813516719486,-0.4629260493943921
0.8949999999999568,-4.167116656410229,0.0,7.910552493679177,0.0,-0.4632183052440233,0.0,-4.167116656410229,7.910552493679177,-0.4632183052440233
0.8954999999999568,-4.167519381229312,0.0,7.910292737494387,0.0,-0.46350911210196877,0.0,-4.167519381229312,7.910292737494387,-0.46350911210196877
0.8959999999999567,-4.167919757389768,0.0,7.91003424048111,0.0,-0.4637984769345458,0.0,-4.167919757389768,7.91003424048111,-0.4637984769345458
0.8964999999999567,-4.168317796893135,0.0,7.909776995004876,0.0,-0.4640864066750723,0.0,-4.168317796893135,7.909776995004876,-0.4640864066750723
0.8969999999999566,-4.168713511679755,0.0,7.909520993480413,0.0,-0.46437290822403376,0.0,-4.168713511679755,7.909520993480413,-0.46437290822403376
0.8974999999999566,-4.169106913629065,0.0,7.9092662283711945,0.0,-0.4646579884492201,0.0,-4.169106913629065,7.9092662283711945,-0.4646579884492201
0.8979999999999565,-4.169498014559963,0.0,7.909012692189265,0.0,-0.46494165418587663,0.0,-4.169498014559963,7.909012692189265,-0.46494165418587663
0.8984999999999564,-4.16988682623105,0.0,7.908760377494758,0.0,-0.4652239122368478,0.0,-4.16988682623105,7.908760377494758,-0.4652239122368478
0.8989999999999564,-4.170273360340985,0.0,7.9085092768956144,0.0,-0.46550476937274254,0.0,-4.170273360340985,7.9085092768956144,-0.46550476937274254
0.8994999999999563,-4.170657628528772,0.0,7.908259383047238,0.0,-0.46578423233206934,0.0,-4.170657628528772,7.908259383047238,-0.46578423233206934
0.8999999999999563,-4.171039642374041,0.0,7.908010688652098,0.0,-0.46606230782138525,0.0,-4.171039642374041,7.908010688652098,-0.46606230782138525
0.9004999999999562,-4.171419413397288,0.0,7.907763186459505,0.0,-0.466339002515447,0.0,-4.171419413397288,7.907763186459505,-0.466339002515447
0.9009999999999562,-4.171796953060408,0.0,7.907516869265237,0.0,-0.46661432305734607,0.0,-4.171796953060408,7.907516869265237,-0.46661432305734607
0.9014999999999561,-4.172172272766659,0.0,7.907271729911116,0.0,-0.4668882760586719,0.0,-4.172172272766659,7.907271729911116,-0.4668882760586719
0.9019999999999561,-4.172545383861234,0.0,7.907027761284866,0.0,-0.4671608680996311,0.0,-4.172545383861234,7.907027761284866,-0.4671608680996311
0.902499999999956,-4.172916297631417,0.0,7.906784956319569,0.0,-0.4674321057292268,0.0,-4.172916297631417,7.906784956319569,-0.4674321057292268
0.902999999999956,-4.173285025306896,0.0,7.906543307993616,0.0,-0.4677019954653687,0.0,-4.173285025306896,7.906543307993616,-0.4677019954653687
0.9034999999999559,-4.17365157806006,0.0,7.906302809330072,0.0,-0.46797054379503145,0.0,-4.17365157806006,7.906302809330072,-0.46797054379503145
0.9039999999999558,-4.174015967006298,0.0,7.9060634533966265,0.0,-0.46823775717439275,0.0,-4.174015967006298,7.9060634533966265,-0.46823775717439275
0.9044999999999558,-4.174378203204299,0.0,7.9058252333051655,0.0,-0.46850364202898653,0.0,-4.174378203204299,7.9058252333051655,-0.46850364202898653
0.9049999999999557,-4.174738297656248,0.0,7.905588142211428,0.0,-0.4687682047538235,0.0,-4.174738297656248,7.905588142211428,-0.4687682047538235
0.9054999999999557,-4.175096261308283,0.0,7.905352173314782,0.0,-0.46903145171354943,0.0,-4.175096261308283,7.905352173314782,-0.46903145171354943
0.9059999999999556,-4.175452105050553,0.0,7.905117319857851,0.0,-0.46929338924257813,0.0,-4.175452105050553,7.905117319857851,-0.46929338924257813
0.9064999999999556,-4.175805839717768,0.0,7.90488357512632,0.0,-0.46955402364523025,0.0,-4.175805839717768,7.90488357512632,-0.46955402364523025
0.9069999999999555,-4.176157476089173,0.0,7.904650932448419,0.0,-0.46981336119587525,0.0,-4.176157476089173,7.904650932448419,-0.46981336119587525
0.9074999999999555,-4.176507024889133,0.0,7.904419385194927,0.0,-0.4700714081390629,0.0,-4.176507024889133,7.904419385194927,-0.4700714081390629
0.9079999999999554,-4.176854496787158,0.0,7.904188926778545,0.0,-0.47032817068966004,0.0,-4.176854496787158,7.904188926778545,-0.47032817068966004
0.9084999999999553,-4.177199902398343,0.0,7.903959550653866,0.0,-0.47058365503300514,0.0,-4.177199902398343,7.903959550653866,-0.47058365503300514
0.9089999999999553,-4.177543252283584,0.0,7.903731250316895,0.0,-0.47083786732502375,0.0,-4.177543252283584,7.903731250316895,-0.47083786732502375
0.9094999999999552,-4.177884556949863,0.0,7.903504019304961,0.0,-0.47109081369238126,0.0,-4.177884556949863,7.903504019304961,-0.47109081369238126
0.9099999999999552,-4.17822382685047,0.0,7.903277851196208,0.0,-0.4713425002325913,0.0,-4.17822382685047,7.903277851196208,-0.4713425002325913
0.9104999999999551,-4.1785610723853495,0.0,7.903052739609564,0.0,-0.4715929330141879,0.0,-4.1785610723853495,7.903052739609564,-0.4715929330141879
0.9109999999999551,-4.178896303901354,0.0,7.902828678204088,0.0,-0.4718421180768235,0.0,-4.178896303901354,7.902828678204088,-0.4718421180768235
0.911499999999955,-4.179229531692442,0.0,7.902605660679114,0.0,-0.47209006143142673,0.0,-4.179229531692442,7.902605660679114,-0.47209006143142673
0.911999999999955,-4.179560766000009,0.0,7.9023836807736245,0.0,-0.4723367690603393,0.0,-4.179560766000009,7.9023836807736245,-0.4723367690603393
0.9124999999999549,-4.179890017013221,0.0,7.902162732266305,0.0,-0.47258224691740836,0.0,-4.179890017013221,7.902162732266305,-0.47258224691740836
0.9129999999999548,-4.180217294869095,0.0,7.901942808974923,0.0,-0.472826500928166,0.0,-4.180217294869095,7.901942808974923,-0.472826500928166
0.9134999999999548,-4.180542609652903,0.0,7.901723904756238,0.0,-0.4730695369899358,0.0,-4.180542609652903,7.901723904756238,-0.4730695369899358
0.9139999999999547,-4.180865971398447,0.0,7.901506013505809,0.0,-0.473311360971973,0.0,-4.180865971398447,7.901506013505809,-0.473311360971973
0.9144999999999547,-4.181187390088198,0.0,7.9012891291575045,0.0,-0.4735519787155713,0.0,-4.181187390088198,7.9012891291575045,-0.4735519787155713
0.9149999999999546,-4.181506875653653,0.0,7.901073245683506,0.0,-0.47379139603423326,0.0,-4.181506875653653,7.901073245683506,-0.47379139603423326
0.9154999999999546,-4.181824437975607,0.0,7.900858357093796,0.0,-0.4740296187137645,0.0,-4.181824437975607,7.900858357093796,-0.4740296187137645
0.9159999999999545,-4.182140086884303,0.0,7.900644457436044,0.0,-0.4742666525124104,0.0,-4.182140086884303,7.900644457436044,-0.4742666525124104
0.9164999999999545,-4.182453832159794,0.0,7.900431540795267,0.0,-0.47450250316099307,0.0,-4.182453832159794,7.900431540795267,-0.47450250316099307
0.9169999999999544,-4.182765683532168,0.0,7.900219601293685,0.0,-0.4747371763630355,0.0,-4.182765683532168,7.900219601293685,-0.4747371763630355
0.9174999999999544,-4.183075650681744,0.0,7.900008633090323,0.0,-0.47497067779488233,0.0,-4.183075650681744,7.900008633090323,-0.47497067779488233
0.9179999999999543,-4.183383743239418,0.0,7.899798630380815,0.0,-0.4752030131058209,0.0,-4.183383743239418,7.899798630380815,-0.4752030131058209
0.9184999999999542,-4.183689970786844,0.0,7.899589587397259,0.0,-0.475434187918232,0.0,-4.183689970786844,7.899589587397259,-0.475434187918232
0.9189999999999542,-4.183994342856707,0.0,7.89938149840782,0.0,-0.47566420782767693,0.0,-4.183994342856707,7.89938149840782,-0.47566420782767693
0.9194999999999541,-4.184296868932918,0.0,7.899174357716419,0.0,-0.4758930784030593,0.0,-4.184296868932918,7.899174357716419,-0.4758930784030593
0.9199999999999541,-4.184597558451017,0.0,7.898968159662786,0.0,-0.47612080518673494,0.0,-4.184597558451017,7.898968159662786,-0.47612080518673494
0.920499999999954,-4.1848964207981965,0.0,7.898762898621982,0.0,-0.47634739369461343,0.0,-4.1848964207981965,7.898762898621982,-0.47634739369461343
0.920999999999954,-4.185193465313731,0.0,7.898558569004109,0.0,-0.4765728494163124,0.0,-4.185193465313731,7.898558569004109,-0.4765728494163124
0.9214999999999539,-4.185488701289145,0.0,7.898355165254259,0.0,-0.47679717781526776,0.0,-4.185488701289145,7.898355165254259,-0.47679717781526776
0.9219999999999539,-4.185782137968417,0.0,7.898152681852196,0.0,-0.47702038432885985,0.0,-4.185782137968417,7.898152681852196,-0.47702038432885985
0.9224999999999538,-4.186073784548299,0.0,7.8979511133119615,0.0,-0.47724247436851996,0.0,-4.186073784548299,7.8979511133119615,-0.47724247436851996
0.9229999999999537,-4.186363650178521,0.0,7.897750454182017,0.0,-0.4774634533198636,0.0,-4.186363650178521,7.897750454182017,-0.4774634533198636
0.9234999999999537,-4.186651743961974,0.0,7.89755069904453,0.0,-0.47768332654281664,0.0,-4.186651743961974,7.89755069904453,-0.47768332654281664
0.9239999999999536,-4.18693807495508,0.0,7.897351842515661,0.0,-0.47790209937171113,0.0,-4.18693807495508,7.897351842515661,-0.47790209937171113
0.9244999999999536,-4.187222652167904,0.0,7.897153879244797,0.0,-0.47811977711543285,0.0,-4.187222652167904,7.897153879244797,-0.47811977711543285
0.9249999999999535,-4.187505484564383,0.0,7.896956803914804,0.0,-0.47833636505752963,0.0,-4.187505484564383,7.896956803914804,-0.47833636505752963
0.9254999999999535,-4.187786581062724,0.0,7.896760611241405,0.0,-0.47855186845630726,0.0,-4.187786581062724,7.896760611241405,-0.47855186845630726
0.9259999999999534,-4.188065950535403,0.0,7.896565295973318,0.0,-0.4787662925449805,0.0,-4.188065950535403,7.896565295973318,-0.4787662925449805
0.9264999999999534,-4.188343601809606,0.0,7.896370852891778,0.0,-0.47897964253178493,0.0,-4.188343601809606,7.896370852891778,-0.47897964253178493
0.9269999999999533,-4.188619543667272,0.0,7.896177276810306,0.0,-0.4791919236000588,0.0,-4.188619543667272,7.896177276810306,-0.4791919236000588
0.9274999999999533,-4.188893784845504,0.0,7.895984562574739,0.0,-0.47940314090841163,0.0,-4.188893784845504,7.895984562574739,-0.47940314090841163
0.9279999999999532,-4.189166334036685,0.0,7.895792705062661,0.0,-0.47961329959079,0.0,-4.189166334036685,7.895792705062661,-0.47961329959079
0.9284999999999531,-4.189437199888687,0.0,7.895601699183601,0.0,-0.4798224047566304,0.0,-4.189437199888687,7.895601699183601,-0.4798224047566304
0.9289999999999531,-4.189706391005146,0.0,7.895411539878353,0.0,-0.48003046149095496,0.0,-4.189706391005146,7.895411539878353,-0.48003046149095496
0.929499999999953,-4.189973915945757,0.0,7.89522222211923,0.0,-0.4802374748544871,0.0,-4.189973915945757,7.89522222211923,-0.4802374748544871
0.929999999999953,-4.190239783226318,0.0,7.895033740909469,0.0,-0.48044344988376153,0.0,-4.190239783226318,7.895033740909469,-0.48044344988376153
0.9304999999999529,-4.190504001319098,0.0,7.8948460912832275,0.0,-0.48064839159125405,0.0,-4.190504001319098,7.8948460912832275,-0.48064839159125405
0.9309999999999529,-4.1907665786529975,0.0,7.894659268305389,0.0,-0.48085230496547204,0.0,-4.1907665786529975,7.894659268305389,-0.48085230496547204
0.9314999999999528,-4.191027523613812,0.0,7.894473267071135,0.0,-0.4810551949710842,0.0,-4.191027523613812,7.894473267071135,-0.4810551949710842
0.9319999999999528,-4.191286844544365,0.0,7.894288082705998,0.0,-0.4812570665490217,0.0,-4.191286844544365,7.894288082705998,-0.4812570665490217
0.9324999999999527,-4.191544549744833,0.0,7.894103710365641,0.0,-0.48145792461658843,0.0,-4.191544549744833,7.894103710365641,-0.48145792461658843
0.9329999999999526,-4.191800647472888,0.0,7.893920145235455,0.0,-0.4816577740675818,0.0,-4.191800647472888,7.893920145235455,-0.4816577740675818
0.9334999999999526,-4.1920551459439395,0.0,7.8937373825305315,0.0,-0.4818566197723868,0.0,-4.1920551459439395,7.8937373825305315,-0.4818566197723868
0.9339999999999525,-4.1923080533313595,0.0,7.893555417495378,0.0,-0.4820544665781057,0.0,-4.1923080533313595,7.893555417495378,-0.4820544665781057
0.9344999999999525,-4.192559377766642,0.0,7.8933742454037485,0.0,-0.4822513193086433,0.0,-4.192559377766642,7.8933742454037485,-0.4822513193086433
0.9349999999999524,-4.1928091273397,0.0,7.893193861558501,0.0,-0.4824471827648438,0.0,-4.1928091273397,7.893193861558501,-0.4824471827648438
0.9354999999999524,-4.193057310099007,0.0,7.893014261291313,0.0,-0.48264206172457413,0.0,-4.193057310099007,7.893014261291313,-0.48264206172457413
0.9359999999999523,-4.193303934051826,0.0,7.892835439962539,0.0,-0.482835960942829,0.0,-4.193303934051826,7.892835439962539,-0.482835960942829
0.9364999999999523,-4.1935490071644494,0.0,7.892657392961041,0.0,-0.4830288851518709,0.0,-4.1935490071644494,7.892657392961041,-0.4830288851518709
0.9369999999999522,-4.1937925373623415,0.0,7.892480115703933,0.0,-0.4832208390613104,0.0,-4.1937925373623415,7.892480115703933,-0.4832208390613104
0.9374999999999521,-4.194034532530424,0.0,7.89230360363635,0.0,-0.4834118273582,0.0,-4.194034532530424,7.89230360363635,-0.4834118273582
0.9379999999999521,-4.194275000513201,0.0,7.892127852231511,0.0,-0.483601854707171,0.0,-4.194275000513201,7.892127852231511,-0.483601854707171
0.938499999999952,-4.194513949115063,0.0,7.891952856990287,0.0,-0.4837909257505295,0.0,-4.194513949115063,7.891952856990287,-0.4837909257505295
0.938999999999952,-4.194751386100407,0.0,7.891778613440948,0.0,-0.48397904510834167,0.0,-4.194751386100407,7.891778613440948,-0.48397904510834167
0.9394999999999519,-4.194987319193814,0.0,7.891605117139363,0.0,-0.4841662173785597,0.0,-4.194987319193814,7.891605117139363,-0.4841662173785597
0.9399999999999519,-4.195221756080414,0.0,7.8914323636684,0.0,-0.484352447137125,0.0,-4.195221756080414,7.8914323636684,-0.484352447137125
0.9404999999999518,-4.195454704405876,0.0,7.891260348637957,0.0,-0.48453773893804986,0.0,-4.195454704405876,7.891260348637957,-0.48453773893804986
0.9409999999999518,-4.195686171776742,0.0,7.8910890676847885,0.0,-0.48472209731354887,0.0,-4.195686171776742,7.8910890676847885,-0.48472209731354887
0.9414999999999517,-4.195916165760607,0.0,7.890918516472283,0.0,-0.4849055267741189,0.0,-4.195916165760607,7.890918516472283,-0.4849055267741189
0.9419999999999517,-4.196144693886296,0.0,7.890748690690231,0.0,-0.48508803180865456,0.0,-4.196144693886296,7.890748690690231,-0.48508803180865456
0.9424999999999516,-4.196371763644052,0.0,7.890579586054741,0.0,-0.48526961688453873,0.0,-4.196371763644052,7.890579586054741,-0.48526961688453873
0.9429999999999515,-4.196597382485763,0.0,7.8904111983080725,0.0,-0.48545028644775634,0.0,-4.196597382485763,7.8904111983080725,-0.48545028644775634
0.9434999999999515,-4.196821557825118,0.0,7.890243523218345,0.0,-0.48563004492298667,0.0,-4.196821557825118,7.890243523218345,-0.48563004492298667
0.9439999999999514,-4.197044297037834,0.0,7.8900765565795155,0.0,-0.48580889671370286,0.0,-4.197044297037834,7.8900765565795155,-0.48580889671370286
0.9444999999999514,-4.197265607461858,0.0,7.88991029421112,0.0,-0.48598684620228205,0.0,-4.197265607461858,7.88991029421112,-0.48598684620228205
0.9449999999999513,-4.197485496397491,0.0,7.889744731958103,0.0,-0.48616389775007285,0.0,-4.197485496397491,7.889744731958103,-0.48616389775007285
0.9454999999999513,-4.197703971107714,0.0,7.889579865690706,0.0,-0.48634005569754635,0.0,-4.197703971107714,7.889579865690706,-0.48634005569754635
0.9459999999999512,-4.197921038818151,0.0,7.88941569130418,0.0,-0.4865153243643494,0.0,-4.197921038818151,7.88941569130418,-0.4865153243643494
0.9464999999999512,-4.198136706717563,0.0,7.889252204718815,0.0,-0.4866897080494219,0.0,-4.198136706717563,7.889252204718815,-0.4866897080494219
0.9469999999999511,-4.198350981957745,0.0,7.88908940187963,0.0,-0.4868632110310891,0.0,-4.198350981957745,7.88908940187963,-0.4868632110310891
0.947499999999951,-4.19856387165386,0.0,7.888927278756199,0.0,-0.48703583756716107,0.0,-4.19856387165386,7.888927278756199,-0.48703583756716107
0.947999999999951,-4.198775382884705,0.0,7.8887658313425675,0.0,-0.4872075918950358,0.0,-4.198775382884705,7.8887658313425675,-0.4872075918950358
0.9484999999999509,-4.198985522692652,0.0,7.888605055657109,0.0,-0.4873784782317738,0.0,-4.198985522692652,7.888605055657109,-0.4873784782317738
0.9489999999999509,-4.19919429808408,0.0,7.888444947742244,0.0,-0.4875485007742224,0.0,-4.19919429808408,7.888444947742244,-0.4875485007742224
0.9494999999999508,-4.199401716029399,0.0,7.8882855036643775,0.0,-0.48771766369908676,0.0,-4.199401716029399,7.8882855036643775,-0.48771766369908676
0.9499999999999508,-4.199607783463321,0.0,7.888126719513764,0.0,-0.48788597116304544,0.0,-4.199607783463321,7.888126719513764,-0.48788597116304544
0.9504999999999507,-4.199812507285003,0.0,7.8879685914042454,0.0,-0.48805342730281787,0.0,-4.199812507285003,7.8879685914042454,-0.48805342730281787
0.9509999999999507,-4.200015894358202,0.0,7.887811115473198,0.0,-0.48822003623528687,0.0,-4.200015894358202,7.887811115473198,-0.48822003623528687
0.9514999999999506,-4.200217951511533,0.0,7.8876542878813325,0.0,-0.4883858020575733,0.0,-4.200217951511533,7.8876542878813325,-0.4883858020575733
0.9519999999999506,-4.2004186855385655,0.0,7.887498104812522,0.0,-0.4885507288471427,0.0,-4.2004186855385655,7.887498104812522,-0.4885507288471427
0.9524999999999505,-4.200618103198096,0.0,7.887342562473776,0.0,-0.4887148206618832,0.0,-4.200618103198096,7.887342562473776,-0.4887148206618832
0.9529999999999504,-4.200816211214175,0.0,7.88718765709487,0.0,-0.48887808154021073,0.0,-4.200816211214175,7.88718765709487,-0.48887808154021073
0.9534999999999504,-4.201013016276448,0.0,7.887033384928316,0.0,-0.4890405155011539,0.0,-4.201013016276448,7.887033384928316,-0.4890405155011539
0.9539999999999503,-4.201208525040244,0.0,7.886879742249363,0.0,-0.48920212654444484,0.0,-4.201208525040244,7.886879742249363,-0.48920212654444484
0.9544999999999503,-4.20140274412671,0.0,7.886726725355544,0.0,-0.4893629186506132,0.0,-4.20140274412671,7.886726725355544,-0.4893629186506132
0.9549999999999502,-4.201595680123134,0.0,7.886574330566788,0.0,-0.4895228957810822,0.0,-4.201595680123134,7.886574330566788,-0.4895228957810822
0.9554999999999502,-4.201787339582978,0.0,7.886422554225135,0.0,-0.4896820618782449,0.0,-4.201787339582978,7.886422554225135,-0.4896820618782449
0.9559999999999501,-4.2019777290260265,0.0,7.886271392694624,0.0,-0.489840420865562,0.0,-4.2019777290260265,7.886271392694624,-0.489840420865562
0.9564999999999501,-4.202166854938753,0.0,7.88612084236118,0.0,-0.48999797664765943,0.0,-4.202166854938753,7.88612084236118,-0.48999797664765943
0.95699999999995,-4.202354723774263,0.0,7.8859708996324684,0.0,-0.4901547331103959,0.0,-4.202354723774263,7.8859708996324684,-0.4901547331103959
0.95749999999995,-4.2025413419526245,0.0,7.885821560937728,0.0,-0.49031069412097494,0.0,-4.2025413419526245,7.885821560937728,-0.49031069412097494
0.9579999999999499,-4.202726715860891,0.0,7.885672822727656,0.0,-0.49046586352802457,0.0,-4.202726715860891,7.885672822727656,-0.49046586352802457
0.9584999999999498,-4.20291085185346,0.0,7.88552468147418,0.0,-0.4906202451616668,0.0,-4.20291085185346,7.88552468147418,-0.4906202451616668
0.9589999999999498,-4.203093756252073,0.0,7.885377133670431,0.0,-0.4907738428336419,0.0,-4.203093756252073,7.885377133670431,-0.4907738428336419
0.9594999999999497,-4.203275435346043,0.0,7.885230175830628,0.0,-0.4909266603373563,0.0,-4.203275435346043,7.885230175830628,-0.4909266603373563
0.9599999999999497,-4.203455895392409,0.0,7.885083804489881,0.0,-0.49107870144800003,0.0,-4.203455895392409,7.885083804489881,-0.49107870144800003
0.9604999999999496,-4.203635142616136,0.0,7.884938016203961,0.0,-0.491229969922621,0.0,-4.203635142616136,7.884938016203961,-0.491229969922621
0.9609999999999496,-4.203813183210258,0.0,7.884792807549331,0.0,-0.4913804695002,0.0,-4.203813183210258,7.884792807549331,-0.4913804695002
0.9614999999999495,-4.203990023335962,0.0,7.884648175122976,0.0,-0.49153020390175683,0.0,-4.203990023335962,7.884648175122976,-0.49153020390175683
0.9619999999999495,-4.204165669122929,0.0,7.884504115542143,0.0,-0.49167917683041296,0.0,-4.204165669122929,7.884504115542143,-0.49167917683041296
0.9624999999999494,-4.204340126669294,0.0,7.884360625444458,0.0,-0.49182739197150305,0.0,-4.204340126669294,7.884360625444458,-0.49182739197150305
0.9629999999999493,-4.204513402041954,0.0,7.884217701487501,0.0,-0.4919748529926302,0.0,-4.204513402041954,7.884217701487501,-0.4919748529926302
0.9634999999999493,-4.204685501276657,0.0,7.884075340348886,0.0,-0.4921215635437708,0.0,-4.204685501276657,7.884075340348886,-0.4921215635437708
0.9639999999999492,-4.204856430378172,0.0,7.883933538726097,0.0,-0.49226752725735246,0.0,-4.204856430378172,7.883933538726097,-0.49226752725735246
0.9644999999999492,-4.205026195320457,0.0,7.883792293336285,0.0,-0.49241274774833244,0.0,-4.205026195320457,7.883792293336285,-0.49241274774833244
0.9649999999999491,-4.205194802046833,0.0,7.883651600916181,0.0,-0.4925572286142792,0.0,-4.205194802046833,7.883651600916181,-0.4925572286142792
0.9654999999999491,-4.2053622564700675,127.61871934820364,7.883511458222017,107.39445771403135,-0.49270097343546837,-10.441279317193512,123.41335709173357,115.27796917225336,-10.93398029062898
0.965999999999949,-3.18434475713498,125.40451918254416,0.66697187475026,113.9746185799565,7.4819099082090865,-18.64361516397277,122.22017442540918,114.64159045470676,-11.161705255763682
0.966499999999949,-2.3615044126941456,122.1609076790007,-6.265418997073624,119.50363158630935,15.23227516296004,-26.557530821464823,119.79940326630656,113.23821258923573,-11.325255658504783
0.9669999999999489,-1.7085863146923685,118.70117000359863,-12.886777313985192,124.58623966750277,22.709614874363105,-34.17529574577854,116.99258368890627,111.69946235351757,-11.465680871415437
0.9674999999999488,-1.1970528932312163,115.07610468848402,-19.209168900060035,129.24985178440843,29.906097086532412,-41.49030496406427,113.8790517952528,110.0406828843484,-11.58420787753186
0.9679999999999488,-0.8037558039232664,111.32862858257722,-25.242595268454124,133.51836766588247,36.81610026936049,-48.498043284614184,110.52487277865396,108.27577239742834,-11.681943015253694
0.9684999999999487,-0.5098800941137966,107.49503840876505,-30.99549606418981,137.41286257955818,43.43589003552006,-55.195786199220976,106.98515831465126,106.41736651536837,-11.759896163700915
0.9689999999999487,-0.30009126160189226,103.60605568157007,-36.47514778629585,140.95214119046065,49.7633481916253,-61.58234854410655,103.30596441996818,104.4769934041648,-11.819000352481254
0.9694999999999486,-0.161847066401819,99.68769337466445,-41.68797851114323,144.15318412528444,55.79774473058572,-67.65787228662235,99.52584630826263,102.46520561414121,-11.86012755603663
0.9699999999999486,-0.08484301193665544,95.7619760660625,-46.63981471326241,147.03150682652995,61.53954510158499,-73.42364642177169,95.67713305412585,100.39169211326754,-11.884101320186701
0.9704999999999485,-0.06056618618552534,91.8475396934468,-51.336073304574654,149.60144687566233,66.99024650950065,-78.88195327915342,91.78697350726128,98.26537357108768,-11.891706769652771
0.9709999999999485,-0.08193687099188196,87.96013238361569,-55.781909575945974,151.87639311047667,72.15223815217826,-84.0359366115782,87.8781955126238,96.0944835345307,-11.883698459399938
0.9714999999999484,-0.1430211772890715,84.11303394625045,-59.98232973193882,153.86896748319484,77.02868124774027,-88.88948770622792,83.97001276896138,93.88663775125602,-11.860806458487659
0.9719999999999483,-0.23880110187974424,80.31740842258216,-63.942275081682,155.59116863242076,81.62340547318306,-93.4471464647846,80.07860732070242,91.64889355073876,-11.82374099160154
0.9724999999999483,-0.36499095702376394,76.5826014466869,-67.66668362032084,157.05448451072502,85.94081906146296,-97.71401497080807,76.21761048966313,89.38780089040418,-11.773195909345105
0.9729999999999482,-0.5178912040838952,72.9163920177616,-71.16053365227526,158.26998006512827,89.98583031316144,-101.6956815257138,72.3985008136777,87.109446412853,-11.709851212552351
0.9734999999999482,-0.6942724144530672,69.3252065157119,-74.42887322480976,159.24836486245184,93.76377869213363,-105.3981535093852,68.63093410125883,84.81949163764207,-11.634374817251569
0.9739999999999481,-0.8912834567423857,65.81430135132429,-77.47683842145477,160.00004464455105,97.2803740099477,-108.82779772443436,64.9230178945819,82.52320622309628,-11.547423714486655
0.9744999999999481,-1.106379127475762,62.38791946898949,-80.30966297948453,160.53516005565194,100.54164247591919,-111.99128712799426,61.281540341513725,80.22549707616741,-11.449644652075065
0.974999999999948,-1.3372633512730374,59.04942496618678,-82.93268121929725,160.86361517644286,103.55387861000334,-114.89555305278739,57.71216161491374,77.93093395714561,-11.341674442784054
0.975499999999948,-1.581844814825459,55.80141931975237,-85.35132588601607,160.99509800320493,106.323602194454,-117.5477421790724,54.21957450492691,75.64377211718886,-11.224139984618404
0.9759999999999479,-1.8382024987397187,52.645842081179204,-87.57112218848596,160.93909460513493,108.85751958490528,-119.95517764824953,50.807639582439485,73.36797241664897,-11.097658063344255
0.9764999999999479,-2.104559058483119,49.58405839449499,-89.59767906466948,160.70489836257246,111.16248881884506,-122.12532381334104,47.47949933601187,71.10721929790299,-10.962834994495978
0.9769999999999478,-2.379260401303114,46.61693527825988,-91.4366784943129,160.3016154195945,113.24548805457556,-124.06575420605651,44.23767487695677,68.8649369252816,-10.82026615148095
0.9774999999999477,-2.6607601272614687,43.744908279309975,-93.09386351075807,159.7381672649667,115.11358695096072,-125.78412236858975,41.084148152048506,66.64430375420864,-10.670535417629026
0.9779999999999477,-2.9476077633552507,40.968039835338395,-94.57502542665986,159.02329117685247,116.77392066099213,-127.28813525380257,38.020432071983144,64.4482657501926,-10.514214592810433
0.9784999999999476,-3.238439931409772,38.28607046370445,-95.88599067722043,158.1655391211666,118.23366616326626,-128.58552894256025,35.047630532294676,62.27954844394617,-10.351862779293981
0.9789999999999476,-3.5319737622149745,35.69846371536322,-97.03260759457373,157.17327557512633,119.50002069710538,-129.68404646372218,32.16648995314824,60.14066798055259,-10.184025766616799
0.9794999999999475,-3.827002007703058,33.20444568726866,-98.02073335420721,156.0546746512046,120.58018210110177,-130.59141753229562,29.3774436795656,58.0339412969974,-10.011235431193853
0.9799999999999475,-4.12238941589186,30.803039767686798,-98.85622127562237,154.8177168183479,121.48133088278121,-131.31534004584273,26.680650351794938,55.961495542725515,-9.834009163061523
0.9804999999999474,-4.417070024773764,28.493097191255245,-99.5449086121921,153.47018545361533,122.21061387005113,-131.8634631994443,24.07602716648148,53.925276841423226,-9.652849329393177
0.9809999999999474,-4.710045105309874,26.273323900181452,-100.09260492726514,152.01966340560364,122.77512931407242,-132.2433720962116,21.56327879487158,51.927058478338495,-9.468242782139185
0.9814999999999473,-5.000381543451354,24.14230414130803,-100.50508112325792,150.47352970896324,123.18191332892843,-132.46257374417996,19.141922597856677,49.96844858570532,-9.280660415251532
0.9819999999999472,-5.287210499293536,22.098521173307105,-100.78805916635383,148.8389565552649,123.43792756658286,-132.52848434196628,16.81131067401357,48.05089738891107,-9.090556775383419
0.9824999999999472,-5.569726220227253,20.14037541151562,-100.94720253035786,147.12290659772282,123.55004803660677,-132.44841776524112,14.570649191288368,46.17570406736496,-8.89836972863435
0.9829999999999471,-5.847184916036824,18.26620029871208,-100.9881073682692,145.33213064505821,123.5250549894086,-132.22957517423467,12.419015382675255,44.34402327678902,-8.704520184826066
0.9834999999999471,-6.118903628730379,16.47427615648912,-100.91629440849499,143.47316578166183,123.36962378954323,-131.87903566942157,10.355372527758739,42.55687137316684,-8.509411879878343
0.983999999999947,-6.384259049639638,14.762842243301755,-100.73720156368142,141.5523339368482,123.09031671235931,-131.40374792845589,8.378583193662116,40.81513237316679,-8.313431216096575
0.984499999999947,-6.64268625193985,13.130107220299706,-100.45617723339274,139.5757409142929,122.69357560297775,-130.81052276252228,6.4874209683598565,39.11956368090017,-8.116947159544537
0.9849999999999469,-6.893677318992943,11.574258204606913,-100.07847427688421,137.54927588365672,122.18571534154088,-130.10602653469783,4.680580885613971,37.47080160677251,-7.920311193156948
0.9854999999999469,-7.136779858436938,10.093468570747334,-99.60924462866501,135.47861132909793,121.57291806297314,-129.2967753867826,2.9566887123103953,35.86936670043292,-7.7238573238094546
0.9859999999999468,-7.371595399253209,8.685904644167863,-99.05353452714178,133.36920344366615,120.86122808325567,-128.38913022446292,1.3143092449146536,34.31566891652437,-7.5279021412072495
0.9864999999999468,-7.597777674561186,7.349731416185513,-98.41628032513523,131.2262929543556,120.05654748752451,-127.38929241370053,-0.2480462583756733,32.81001262922038,-7.332744926176019
0.9869999999999467,-7.815030796962475,6.083117396341017,-97.70230485030442,129.0549063591958,119.16463233824206,-126.30330014394659,-1.7319134006214583,31.352601508891382,-7.138667805704529
0.9874999999999466,-8.023107336170185,4.8842387064170225,-96.91631428331516,126.85985755543477,118.19108946430504,-125.13702541622447,-3.138868629753162,29.943543272119612,-6.945935951919438
0.9879999999999466,-8.221806310643203,3.751282509774086,-96.06289552184484,124.64574983620446,117.14137379430483,-123.89617161634987,-4.470523800869117,28.582854314359622,-6.754797822045049
0.9884999999999465,-8.410971106189635,2.682449860004759,-95.14651399911054,122.4169782319148,116.02078619927994,-122.58627163558961,-5.728521246184876,27.270464232804258,-6.565485436309672
0.9889999999999465,-8.590487335167182,1.6759580443651316,-94.17151192646406,120.17773217209714,114.83447181223022,-121.2126865029453,-6.914529290802051,26.006220245633074,-6.378214690715083
0.9894999999999464,-8.760280650113032,0.730042489480887,-93.14210693064359,117.93199844311636,113.58741879343017,-119.78060449498935,-8.030238160632145,24.789891512472764,-6.193185701559173
0.9899999999999464,-8.920314525490426,-0.1570417101957986,-92.06239105745112,115.68356441731251,112.28445751220272,-118.29504069081285,-9.077356235686224,23.621173359861388,-6.010583178610133
0.9904999999999463,-9.070588020824857,-0.9870185872151112,-90.9363301148993,113.43602152944943,110.9302601173166,-116.76083694118597,-10.057606608039968,22.499691414550128,-5.8305768238693645
0.9909999999999463,-9.211133537890902,-1.7615903711622423,-89.76776333019541,111.19276897685866,109.52934046957128,-115.18266222247178,-10.972723909053144,21.42500564666325,-5.653321752900496
0.9914999999999462,-9.342014583855203,-2.4824367910850427,-88.5604032962828,108.95701762039809,108.08605441143504,-113.56501334722134,-11.824451374940246,20.39661432411529,-5.478958935786295
0.9919999999999461,-9.463323551428758,-3.1512145724710336,-87.31783618501527,106.73179406406237,106.60460034983207,-111.91221600468299,-12.614538123899791,19.413957879047103,-5.30761565485092
0.9924999999999461,-9.575179526166977,-3.7695570952261335,-86.0435222053768,104.51994489203842,105.08902012932633,-110.22842610571863,-13.34473662139311,18.47642268666162,-5.139405976392297
0.992999999999946,-9.6777261301104,-4.339074183174013,-84.74079628647166,102.32414104289848,103.54320017404548,-108.51763140782515,-14.016800313284413,17.58334475642681,-4.974431233779669
0.993499999999946,-9.771129410001791,-4.86135199920529,-83.41286896627969,100.1468823016086,101.97087287772739,-106.78365339711482,-14.632481409207081,16.73401333532891,-4.812780519387431
0.9939999999999459,-9.855575777369296,-5.337953023538979,-82.06282746839508,97.99050189100946,100.37561822225919,-105.03014940522715,-15.193528800908275,15.927674422614373,-4.654531182967958
0.9944999999999459,-9.931270006838773,-5.770416095445007,-80.69363695013703,95.85717114549786,98.7608656060238,-103.26061494022304,-15.70168610228378,15.163534195360825,-4.499749334199237
0.9949999999999458,-9.998433298147518,-6.160256501570245,-79.30814190653484,93.74890425056586,97.12989586427449,-101.47838621155068,-16.158689799717763,14.440762344031015,-4.348490347276197
0.9954999999999458,-10.057301406479013,-6.508966096377478,-77.90906771574714,91.66756303290168,95.48584346462394,-99.68664283018258,-16.56626750285649,13.75849531715454,-4.2007993655586375
0.9959999999999457,-10.108122844933476,-6.818013442415463,-76.49902231246739,89.61486178670233,93.83169886156861,-97.88841066599294,-16.92613628734894,13.115839474234946,-4.056711804424324
0.9964999999999457,-10.15115716219276,-7.088843960080851,-75.08049797680746,87.59237212282491,92.17031099476901,-96.08656484539054,-17.24000112227361,12.511874146017448,-3.91625385062153
0.9969999999999456,-10.186673297734998,-7.322880078335544,-73.65587322702697,85.60152782828368,90.50438991658112,-94.2838328731308,-17.509553376070542,11.945654601256706,-3.779442956549687
0.9974999999999455,-10.214948016302841,-7.521521379369329,-72.22741480529453,83.64362972452491,88.83650953507453,-92.48279786311194,-17.73646939567217,11.416214919230384,-3.6462883280374143
0.9979999999999455,-10.236264422732049,-7.686144731635693,-70.79727974643492,81.7198505137363,87.16911045949195,-90.6859018638127,-17.92240915436774,10.92257076730138,-3.516791404320756
0.9984999999999454,-10.250910557701346,-7.818104406906368,-69.36751752032285,79.83123960328724,85.50450293579465,-88.89544926485108,-18.069014964607714,10.463722082964395,-3.3909463290564332
0.9989999999999454,-10.259178074470285,-7.918732178112716,-67.94007223924677,77.97872789915388,83.84486986060594,-87.11361027193705,-18.177910252583,10.038655659907107,-3.268740411331109
0.9994999999999453,-10.261360996226117,-7.989337395717147,-66.51678492217678,76.16313255992269,82.19226986250641,-85.34242443825663,-18.250698391943263,9.646347637745905,-3.1501545757502214
0.9999999999999453,-10.25775455326368,-8.031207041157685,-65.09939580843553,74.38516170370752,80.5486404402541,-83.58380424106363,-18.288961594421366,9.285765895271993,-3.035163800809528
1.0004999999999453,-10.248654098868641,-8.045605756740262,-63.689546713795494,72.64541906091046,78.91580114810068,-81.8395386929624,-18.294259855608903,8.955872347114962,-2.923737544861723
1.0009999999999453,-10.234354102464835,-8.033775851902682,-62.28878342250573,70.94440856645629,77.29545681894727,-80.11129697804652,-18.268129954367517,8.655625143950559,-2.8158401590992526
1.0014999999999452,-10.215147218315096,-7.996937286361739,-60.89855810920125,69.28253888569773,75.68920081663815,-78.40063210371441,-18.212084504676834,8.383980776496486,-2.711431287076266
1.0019999999999452,-10.191323427833055,-7.93628763115478,-59.52023178505334,67.66012786871624,74.09851830922184,-76.7089845596054,-18.127611058987835,8.139896083662904,-2.6104662503835527
1.002499999999945,-10.163169253364586,-7.853002008918331,-58.155076762901444,66.07740692832485,72.52478955551915,-75.03768597570344,-18.016171262282917,7.9223301654234035,-2.5128964201842905
1.002999999999945,-10.130967041132351,-7.748233015092989,-56.8042791364544,64.53452533755048,70.96929319782842,-73.38796277222745,-17.87920005622534,7.7302462010960795,-2.4186695743990327
1.003499999999945,-10.094994310900034,-7.623110622033973,-55.46894126897121,63.031554442816145,69.43320955406989,-71.76093979447448,-17.718104932934008,7.562613173844937,-2.327730240404591
1.003999999999945,-10.055523169805468,-7.478742068174057,-54.15008428712838,61.56849178951224,67.91762390311948,-70.15764392630398,-17.534265237979525,7.418407502383857,-2.240020023184499
1.0044999999999449,-10.012819787726826,-7.3162117345594915,-52.84865057605509,60.14526515703807,66.42352975751484,-68.57900767644789,-17.329031522286318,7.296614580982975,-2.1554779189330446
1.0049999999999448,-9.967143931486419,-7.136581011181683,-51.56550627177006,58.76173650078026,64.95183211812876,-67.02587273230331,-17.1037249426681,7.196230229010197,-2.0740406141745495
1.0054999999999448,-9.918748555155815,-6.94088815561021,-50.30144374749062,57.417705798852616,63.50335070579905,-65.4989934763142,-16.859636710766026,7.116262051361993,-1.995642770515147
1.0059999999999447,-9.867879443704581,-6.730148146458895,-49.0571840905024,56.112914801750435,62.07882316527977,-63.99904046046993,-16.598027590163476,7.055730711248032,-1.920217295190156
1.0064999999999447,-9.814774907230301,-6.505352534233197,-47.83337956647739,54.84705068338316,60.6789082372369,-62.526603834853205,-16.320127441463498,7.013671116905769,-1.8476955976163083
1.0069999999999446,-9.759665523017887,-6.267469292034665,-46.6306160683219,53.61974959227175,59.30418889435242,-61.08219672654967,-16.027134815052552,6.989133523949853,-1.7780078321972468
1.0074999999999446,-9.702773922698896,-6.020356409634488,-45.44941554680895,52.42812774172371,57.95517543792653,-59.66587590607219,-15.723130332333383,6.978712194914763,-1.7107004681456601
1.0079999999999445,-9.644325320348287,-5.881869915190027,-44.29008206253644,51.17224307150998,56.63208075604891,-58.262355545205025,-15.526195235538314,6.88216100897354,-1.6302747891561182
1.0084999999999444,-9.584964558427856,-5.876047576714775,-43.146581679719304,49.82194644702177,55.3258885243761,-56.858291085706966,-15.461012135142632,6.675364767302469,-1.5324025613308692
1.0089999999999444,-9.525419830302184,-5.956241801612233,-42.011444027132995,48.40481694445218,54.02547584800021,-55.447243280998904,-15.481661631914417,6.393372917319184,-1.421767432998692
1.0094999999999443,-9.466250958232308,-6.082715599349804,-40.87951711496032,46.946142412975306,52.72308075236229,-54.02562248875482,-15.548966557582112,6.0666252980149835,-1.3025417363925271
1.0099999999999443,-9.407875375619113,-6.221799208703379,-39.747639890242056,45.46916611482812,51.4138259603255,-52.592311910137255,-15.629674584322492,5.721526224586064,-1.1784859498117584
1.0104999999999442,-9.350589559244682,-6.3133893050265275,-38.61435893557649,44.02240077059686,50.095320240395665,-51.15268781949315,-15.66397886427121,5.40804183502037,-1.0573675790974875
1.0109999999999442,-9.294468919207816,-6.2185924347095565,-37.48140158496898,42.72682280840162,48.76987742640577,-49.72847855788036,-15.513061353917372,5.245421223432643,-0.9586011314745875
1.011499999999944,-9.239064773002383,-5.9614488312177745,-36.35803958705549,41.57651154163072,47.451089453752274,-48.331888728803314,-15.200513604220157,5.218471954575236,-0.8807992750510394
1.011999999999944,-9.183975620180163,-5.579826248594143,-35.2524774768047,40.55197550421329,46.15101847106588,-46.97136826934238,-14.763801868774307,5.299498027408589,-0.8203497982764958
1.012499999999944,-9.12890396670619,-5.105977769840447,-34.17106878143295,39.63551238910739,44.87899002814476,-45.65297609504213,-14.234881736546637,5.46444360767444,-0.7739860668973648
1.012999999999944,-9.073645013385843,-4.566789695597901,-33.11856651775952,38.81142444095349,43.641947947400084,-44.38079140434462,-13.640434708983744,5.692857923193969,-0.7388434569445366
1.013499999999944,-9.018074721619158,-3.984235077534491,-32.09836983711176,38.066050727433094,42.444816800454134,-43.1572902382124,-13.002309799153648,5.967680890321333,-0.7124734377582627
1.0139999999999438,-8.962137704694356,-3.3759339875474783,-31.11275525488213,37.38767926723408,41.290849204362274,-41.983677919489956,-12.338071692241835,6.274924012351946,-0.692828715127682
1.0144999999999438,-8.905835372069731,-2.7557492135157577,-30.163085697724114,36.76638797619589,40.181943740201326,-40.86017432345601,-11.661584585585489,6.603302278471773,-0.6782305832546811
1.0149999999999437,-8.849214687243702,0.0,-29.249994222401483,0.0,39.11892605297259,0.0,-8.849214687243702,-29.249994222401483,39.11892605297259
1.0154999999999437,-9.774451073595031,0.0,-24.075949614397018,0.0,20.450473891382153,0.0,-9.774451073595031,-24.075949614397018,20.450473891382153
1.0159999999999436,-10.803929669288834,28.233531324594324,-19.97242977223533,33.278255660409926,10.558721108204036,-13.535680476809969,17.42960165530549,13.305825888174596,-2.9769593686059324
1.0164999999999436,-11.364946285495392,25.849120532559876,-19.229176349048544,32.718873163679206,11.898014735690165,-14.741542350768126,14.484174247064484,13.489696814630662,-2.843527615077962
1.0169999999999435,-11.714041515679995,23.82046792860153,-18.626716276900936,32.29919612858749,13.099832033050834,-15.824762629440801,12.106426412921536,13.672479851686553,-2.7249305963899673
1.0174999999999434,-11.899667917249161,22.086297666117375,-18.1376203672109,31.990669450130984,14.182869177824188,-16.801857305962788,10.186629748868214,13.853049082920084,-2.6189881281386
1.0179999999999434,-11.960288400353647,20.596555616550695,-17.739900390679907,31.770206756635694,15.162709482404765,-17.686570539794953,8.636267216197048,14.030306365955788,-2.5238610573901887
1.0184999999999433,-11.926379764749512,19.310235550860007,-17.415910441409437,31.619089175736423,16.052374252479396,-18.490366467297967,7.3838557861104945,14.203178734326986,-2.4379922148185713
1.0189999999999433,-11.822037221309415,18.193643669696066,-17.15146843731452,31.522092554288623,16.862770954186793,-19.222828929883107,6.37160644838665,14.370624116974103,-2.3600579756963143
1.0194999999999432,-11.666259384877208,17.219010929970345,-16.935153891986317,31.46679502075409,17.603058418210715,-19.891987036787057,5.5527515450931375,14.531641128767774,-2.2889286185763424
1.0199999999999432,-11.473977303023986,16.363381931226076,-16.75774689045113,31.443027296765482,18.28094502143955,-20.50458097609227,4.88940462820209,14.685280406314352,-2.223635954652721
1.0204999999999431,-11.25687839268113,15.607724094822215,-16.611780208245705,31.44243623158866,18.902932721595263,-21.066279666090765,4.3508457021410845,14.830656023342954,-2.163346944495501
1.020999999999943,-11.024066022890494,14.936212541827203,-16.491182103071765,31.458138264683466,19.474517338752726,-21.58185956597686,3.9121465189367086,14.966956161611702,-2.107342227224134
1.021499999999943,-10.782587381416107,14.335655225681652,-16.390991772976008,31.484444365410887,20.000353468552483,-22.055352133126636,3.553067844265545,15.093452592434879,-2.0549986645741534
1.021999999999943,-10.537855781730272,13.795030081690399,-16.30713304417725,31.516641785716793,20.484390785318737,-22.49016593803866,3.257174299960127,15.209508741539544,-2.0057751527199237
1.022499999999943,-10.293988377536536,13.305111653631124,-16.23623470687346,31.55082093749901,20.929987176672533,-22.889188258432995,3.0111232760945885,15.314586230625551,-1.9592010817604617
1.0229999999999428,-10.054076094764795,12.858169179741992,-16.17548820262516,31.5837380559628,21.340003085900918,-23.2548700156052,2.804093084977197,15.40824985333764,-1.9148669297042815
1.0234999999999428,-9.820399259231934,12.447721721159429,-16.122535196798424,31.61270617418597,21.716880576803455,-23.589297144379422,2.627322461927495,15.490170977387546,-1.8724165675759679
1.0239999999999427,-9.594599727184146,12.068338791698304,-16.075379035447156,31.635508419170293,22.062709939557386,-23.894250867063885,2.4737390645141577,15.560129383723137,-1.8315409275064987
1.0244999999999427,-9.377818184202226,11.715477251228847,-16.0323152608986,31.65032882810742,22.379286094200246,-24.171258842851127,2.337659067026621,15.61801356720882,-1.7919727486508812
1.0249999999999426,-9.170803560321929,11.385204900798433,-15.991877302539194,31.655578600874126,22.668156595426417,-24.421623035803766,2.2144013404765044,15.663701298334932,-1.7534664403773483
1.0254999999999426,-8.974000584287197,11.072363780459083,-15.952786885981624,31.648405195259798,22.930652858705443,-24.64625480657321,2.0983631961718867,15.695618309278174,-1.7156019478677678
1.0259999999999425,-8.787624981602974,10.774596981183217,-15.913824865510321,31.627946509377452,23.16779602817529,-24.846021459521104,1.986971999580243,15.71412164386713,-1.6782254313458154
1.0264999999999425,-8.611710843995652,10.490782005838254,-15.873921209257901,31.59422531343335,23.380481371648834,-25.02177833346728,1.8790711618426013,15.720304104175447,-1.6412969618184476
1.0269999999999424,-8.446151893269644,10.220004282737204,-15.832175119839121,31.547380664148218,23.56955758477121,-25.17434408664571,1.7738523894675602,15.715205544309097,-1.6047865018745
1.0274999999999423,-8.290736857510794,9.961511805626586,-15.78783052680268,31.487642135383794,23.73583661276922,-25.304508264152012,1.6707749481157919,15.699811608581115,-1.5686716513827932
1.0279999999999423,-8.14517745254895,9.71467939303527,-15.740255635240601,31.41530915183956,23.88010103546806,-25.41303691432282,1.5695019404863206,15.675053516598958,-1.5329358788547616
1.0284999999999422,-8.009130454086275,9.478980722081959,-15.688925784815524,31.330734527679066,24.003109557453975,-25.500676708644484,1.4698502679956835,15.641808742863542,-1.497567151190509
1.0289999999999422,-7.882215049495429,9.253966614962732,-15.633409024313636,31.234311458292893,24.105601040655998,-25.568157929065812,1.371751565467303,15.600902433979257,-1.4625568884098143
1.0294999999999421,-7.764026421074718,9.039248323101441,-15.573353925467075,31.12646333425483,24.188297430303123,-25.616196611718188,1.2752219020267237,15.553109408787755,-1.4278991814150643
1.029999999999942,-7.654146322683104,8.834484775028644,-15.508479253030345,31.007635847006785,24.25190585393321,-25.645496074324036,1.1803384523455396,15.49915659397644,-1.393590220390827
1.030499999999942,-7.552151259700025,8.639372938162007,-15.438565181356836,30.878290940116763,24.297120114284333,-25.65674800381442,1.0872216784619813,15.439725758759927,-1.3596278895300884
1.030999999999942,-7.457618760593206,8.453640597951239,-15.363445805334578,30.738902230791034,24.324621748404006,-25.650633239060845,0.9960218373580325,15.375456425456456,-1.326011490656839
1.031499999999942,-7.37013213097427,8.277040986419836,-15.28300273890082,30.589951586712225,24.335080785445548,-25.627822349710087,0.9069088554455664,15.306948847811405,-1.2927415642645386
1.0319999999999419,-7.289284003032563,8.109348799445677,-15.197159630185098,30.43192659450002,24.329156303012006,-25.588976084632236,0.8200647964131136,15.234766964314922,-1.2598197816202301
1.0324999999999418,-7.214678930783023,7.950357232361231,-15.105877450742867,30.265318700222327,24.307496855381643,-25.534745741456433,0.7356783015782078,15.15944124947946,-1.2272488860747899
1.0329999999999417,-7.145935231544044,7.799875738912302,-15.009150439021653,30.090621840229126,24.27074082556426,-25.4657734911951,0.653940507368258,15.081471401207473,-1.1950326656308405
1.0334999999999417,-7.082686233992632,7.657728281877413,-14.907002596449928,29.90833141330853,24.21951673607792,-25.3826926783262,0.5750420478847804,15.001328816858603,-1.1631759422482801
1.0339999999999416,-7.024581061040706,7.523751896555812,-14.799484649375444,29.718943473510663,24.154443539925857,-25.286128106296765,0.49917083551510544,14.91945882413522,-1.1316845663709074
1.0344999999999416,-6.971285050050014,7.397795432267847,-14.686671402302068,29.522954047426634,24.076130902918763,-25.176696310689827,0.4265103822178329,14.836282645124566,-1.1005654077710645
1.0349999999999415,-6.922479892281203,7.279718373598223,-14.568659418074986,29.320858500997968,23.98517948072473,-25.055005816822554,0.35723848131702063,14.752199082922981,-1.0698263360978224
1.0354999999999415,-6.8778635569393884,7.169389673138772,-14.445564969326085,29.113150899245632,23.882181188425484,-24.921657374914773,0.2915261161993836,14.667585929919547,-1.0394761864892885
1.0359999999999414,-6.8371500519179875,7.066686552047665,-14.317522212954287,28.90032331812029,23.767719456539183,-24.777244163852785,0.22953650012967763,14.582801105166002,-1.0095247073136022
1.0364999999999414,-6.800069062706584,6.971493244606801,-14.184681545949985,28.68286508126543,23.642369465126237,-24.622351953688003,0.17142418190021758,14.498183535315444,-0.9799824885617667
1.0369999999999413,-6.766365502393128,6.8838884283387,-14.047208106677573,28.461419771570675,23.506698346451316,-24.457580809206767,0.1175229259455719,14.414211664893102,-0.9508824627554517
1.0374999999999412,-6.73579835234365,6.804868345452599,-13.905290244151445,28.237404447123858,23.361278732383894,-24.283642786146203,0.06906999310894868,14.332114202972413,-0.9223640537623083
1.0379999999999412,-6.708137004256216,6.734500190782869,-13.759186019851342,28.011533443260436,23.20675383052754,-24.10122187046062,0.026363186526653593,14.252347423409095,-0.8944680399330807
1.0384999999999411,-6.6831640715801655,6.672641160053145,-13.60917392003742,27.784351274577027,23.043772219049494,-23.910984913039478,-0.010522911527020895,14.175177354539606,-0.867212693989984
1.038999999999941,-6.660675512338216,6.619115737792365,-13.455540760943109,27.556365368488237,22.872973009411453,-23.713585696785152,-0.041559774545850914,14.100824607545128,-0.8406126873736994
1.039499999999941,-6.640480094815956,6.573718014534737,-13.298578853601043,27.328045516360536,22.69498347016549,-23.509662590302472,-0.06676208028121877,14.029466662759493,-0.814679120136983
1.039999999999941,-6.622398855091205,6.536214415114831,-13.138583367375588,27.099823841209243,22.510416813134526,-23.299836423717686,-0.0861844399763747,13.961240473833655,-0.7894196105831597
1.040499999999941,-6.606264551572366,6.5063467203707965,-12.975849905107196,26.872095213398737,22.31987017029023,-23.084708605005023,-0.09991783120156938,13.89624530829154,-0.7648384347147932
1.0409999999999409,-6.591921120656522,6.483835276090852,-12.810672298263114,26.645218047130008,22.12392278197259,-22.864859487875414,-0.10808584456566983,13.834545748866894,-0.7409367059028256
1.0414999999999408,-6.579223136795889,6.46838229525688,-12.643340626269122,26.419515413151437,21.92313441006776,-22.64084699577893,-0.11084084153900875,13.776174786882315,-0.717712585711169
1.0419999999999408,-6.5680352796192665,6.459675172029415,-12.474139460354252,26.195276406727558,21.718043983444453,-22.413205500913786,-0.10836010758985104,13.721136946373306,-0.6951615174693337
1.0424999999999407,-6.558231810255364,6.457389738473003,-12.303346328818748,25.97275771446466,21.50916847738172,-22.182444952343417,-0.10084207178236149,13.669411385645912,-0.6732764749616962
1.0429999999999406,-6.549696058607751,6.461193407186373,-12.131230397689734,25.752185328688846,21.297002023932095,-21.949050243376227,-0.08850265142137737,13.620954930999112,-0.6520482194441328
1.0434999999999406,-6.54231992301564,6.470748154281912,-11.958051358261969,25.533756363290347,21.082015246149616,-21.71348080520581,-0.07157176873372784,13.575705005028379,-0.631465559056192
1.0439999999999405,-6.536003383477492,6.4857133080048825,-11.784058511021186,25.31764093058834,20.864654805834277,-21.476170411417712,-0.050290075472609885,13.533582419567153,-0.6115156055834348
1.0444999999999405,-6.530654029402712,6.505748117868965,-11.6094900339138,25.10398404414886,20.64534315188302,-21.237527176255092,-0.02490591153374666,13.494494010235059,-0.5921840243720737
1.0449999999999404,-6.526186602676049,6.530514087839942,-11.43457242180898,24.892907517777836,20.42447845442696,-20.997933728437133,0.00432748516389303,13.458335095968856,-0.5734552740101719
1.0454999999999404,-6.522522556665493,6.55967706454226,-11.259520083277295,24.68451183583147,20.202434708618156,-20.75774754175812,0.03715450787676744,13.424991752554174,-0.5553128331399648
1.0459999999999403,-6.519589631665866,6.592909078068213,-11.084535080425184,24.478877974748798,19.97956199113638,-20.51730140360116,0.07331944640234678,13.394342894323614,-0.5377394124647807
1.0464999999999403,-6.517321447148504,6.629889938133425,-10.909806997451454,24.276069159775133,19.7561868521612,-20.27690400277586,0.11256849098492072,13.366262162323679,-0.5207171506146615
1.0469999999999402,-6.515657111073722,6.670308592814861,-10.735512923765498,24.0761325447308,19.53261282560762,-20.036840618689133,0.15465148174113885,13.340619620965303,-0.5042277930815118
1.0474999999999401,-6.514540846420175,6.713864260451802,-10.561817537896161,23.879100805955733,19.30912104080727,-19.7973738946967,0.19932341403162734,13.317283268059573,-0.4882528538894313
1.04799999999994,-6.513921634989018,6.760267347929147,-10.388873278978082,23.68499364449903,19.08597091945566,-19.55874467951118,0.24634571294012897,13.296120365520949,-0.4727737600555173
1.04849999999994,-6.513752878451513,6.809240170361667,-10.216820593293079,23.493819193074007,18.86340094248878,-19.32117292169785,0.2954872919101543,13.276998599780928,-0.4577719792090704
1.04899999999994,-6.513992076526549,6.860517488349823,-10.045788244126726,23.30557532634844,18.64162947254161,-19.08485860352762,0.3465254118232739,13.259787082221713,-0.4432291309860119
1.04949999999994,-6.514600522099002,6.913846879687624,-9.875893674049962,23.120250874915754,18.4208556187314,-18.84998270174208,0.3992463575886216,13.244357200865792,-0.4291270830106768
1.0499999999999399,-6.515543013020036,6.968988962462567,-9.707243409622095,22.937826744589174,18.201260131663503,-18.61670816407318,0.45344594944253114,13.23058333496708,-0.4154480324096781
1.0504999999999398,-6.516787580267817,7.025717486375841,-9.539933499411092,22.758276943821162,17.983006317734308,-18.385180891636097,0.5089299061080244,13.21834344441007,-0.4021745739017888
1.0509999999999398,-6.518305232091123,7.0838193085337915,-9.374049977124827,22.58156952282362,17.766240962986515,-18.155530718544266,0.5655140764426685,13.207519545698794,-0.38928975555775125
1.0514999999999397,-6.5200697137086365,7.1430942692193655,-9.2096693425203,22.407667428561147,17.551095257923194,-17.927872381269072,0.623024555510729,13.197998086040847,-0.3767771233458781
1.0519999999999397,-6.5220572820942095,7.203354982334187,-9.046859053600883,22.236529280266044,17.337685715796866,-17.702306471376104,0.6812977002399778,13.18967022666516,-0.3646207555792387
